Orthogroup	Pectobacterium_actinidiae_BP7042.protein	Pectobacterium_actinidiae_GX_Pa1.protein	Pectobacterium_aquaticum_A101_S19_F16.protein	Pectobacterium_aquaticum_A212_S19_A16.protein	Pectobacterium_araliae_MAFF_302110.protein	Pectobacterium_aroidearum_6119.protein	Pectobacterium_aroidearum_AK042.protein	Pectobacterium_aroidearum_AK049.protein	Pectobacterium_aroidearum_B2_6.protein	Pectobacterium_aroidearum_L6.protein	Pectobacterium_aroidearum_LJ2.protein	Pectobacterium_aroidearum_NCPPB_929.protein	Pectobacterium_aroidearum_Pc3.protein	Pectobacterium_aroidearum_QJ002.protein	Pectobacterium_aroidearum_QJ003.protein	Pectobacterium_aroidearum_QJ011.protein	Pectobacterium_aroidearum_QJ021.protein	Pectobacterium_aroidearum_QJ034.protein	Pectobacterium_aroidearum_QJ036.protein	Pectobacterium_aroidearum_QJ311.protein	Pectobacterium_aroidearum_QJ313.protein	Pectobacterium_aroidearum_QJ315.protein	Pectobacterium_aroidearum_QJ316.protein	Pectobacterium_aroidearum_T25_1.protein	Pectobacterium_aroidearum_YKX.protein	Pectobacterium_atrosepticum_21A.protein	Pectobacterium_atrosepticum_36A.protein	Pectobacterium_atrosepticum_54041_98.protein	Pectobacterium_atrosepticum_Green1.protein	Pectobacterium_atrosepticum_JG10_08.protein	Pectobacterium_atrosepticum_SCRI1043.protein	Pectobacterium_brasiliense_123-1.protein	Pectobacterium_brasiliense_130.protein	Pectobacterium_brasiliense_1692.protein	Pectobacterium_brasiliense_21PCA_AGRO2.protein	Pectobacterium_brasiliense_25ASUB12.protein	Pectobacterium_brasiliense_BC1.protein	Pectobacterium_brasiliense_BP7081.protein	Pectobacterium_brasiliense_BS1113.protein	Pectobacterium_brasiliense_BSRLOP2CAB.protein	Pectobacterium_brasiliense_BSROG1CAUL_A.protein	Pectobacterium_brasiliense_BY2.protein	Pectobacterium_brasiliense_BZA12.protein	Pectobacterium_brasiliense_CD23111.protein	Pectobacterium_brasiliense_CJ5_2.protein	Pectobacterium_brasiliense_F126.protein	Pectobacterium_brasiliense_IPO_3649_NAK_375.protein	Pectobacterium_brasiliense_IPO_3710_NAK_380.protein	Pectobacterium_brasiliense_IPO_4057_NAK_249.protein	Pectobacterium_brasiliense_IPO_4060_NAK_251.protein	Pectobacterium_brasiliense_IPO_4062_NAK_237.protein	Pectobacterium_brasiliense_IPO_4065_NAK_223.protein	Pectobacterium_brasiliense_IPO_4071_NAK_240.protein	Pectobacterium_brasiliense_IPO_4132_NAK_239.protein	Pectobacterium_brasiliense_IPO_4134_NAK_395.protein	Pectobacterium_brasiliense_JD3_4.protein	Pectobacterium_brasiliense_PCC1.protein	Pectobacterium_brasiliense_PL139.protein	Pectobacterium_brasiliense_SR10.protein	Pectobacterium_brasiliense_SX309.protein	Pectobacterium_brasiliense_TS20HJ1.protein	Pectobacterium_brasiliense_WZZ2024.protein	Pectobacterium_brasiliense_ZLMLSHJ5.protein	Pectobacterium_brasiliense_ZRIMU1701SM.protein	Pectobacterium_brasiliense_ZRIMU1702DQ.protein	Pectobacterium_cacticida_CFBP3628.protein	Pectobacterium_cacticida_CFCC10813.protein	Pectobacterium_cacticida_DPMP6.protein	Pectobacterium_carotovorum_25_1.protein	Pectobacterium_carotovorum_A077_S18_O15.protein	Pectobacterium_carotovorum_BP9164.protein	Pectobacterium_carotovorum_HG_49.protein	Pectobacterium_carotovorum_M3.protein	Pectobacterium_carotovorum_M4a.protein	Pectobacterium_carotovorum_M8a.protein	Pectobacterium_carotovorum_M8b.protein	Pectobacterium_carotovorum_MAFF_301393.protein	Pectobacterium_carotovorum_PCC27.protein	Pectobacterium_carotovorum_WPP14.protein	Pectobacterium_carotovorum_XP_13.protein	Pectobacterium_carotovorum_ZM1.protein	Pectobacterium_carotovorum_subsp_carotovorum_BP201601_1.protein	Pectobacterium_carotovorum_subsp_carotovorum_JR1_1.protein	Pectobacterium_carotovorum_subsp_carotovorum_PC1.protein	Pectobacterium_carotovorum_subsp_carotovorum_PCC21.protein	Pectobacterium_carotovorum_subsp_carotovorum_PCCS1.protein	Pectobacterium_carotovorum_subsp_carotovorum_ZJ_4_2.protein	Pectobacterium_colocasium_CSR2.protein	Pectobacterium_colocasium_CSR3.protein	Pectobacterium_colocasium_LJ1.protein	Pectobacterium_colocasium_MT27_1.protein	Pectobacterium_colocasium_PL155.protein	Pectobacterium_colocasium_ZXC0623.protein	Pectobacterium_odoriferum_JK2_1.protein	Pectobacterium_parmentieri_BP9083.protein	Pectobacterium_parmentieri_HC.protein	Pectobacterium_parmentieri_IFB5408.protein	Pectobacterium_parmentieri_IFB5427.protein	Pectobacterium_parmentieri_IFB5432.protein	Pectobacterium_parmentieri_IFB5441.protein	Pectobacterium_parmentieri_IFB5485.protein	Pectobacterium_parmentieri_IFB5486.protein	Pectobacterium_parmentieri_IFB5604.protein	Pectobacterium_parmentieri_IFB5605.protein	Pectobacterium_parmentieri_IFB5619.protein	Pectobacterium_parmentieri_IFB5623.protein	Pectobacterium_parmentieri_NY1722A.protein	Pectobacterium_parmentieri_PB20.protein	Pectobacterium_parmentieri_QK_5.protein	Pectobacterium_parmentieri_RNS_08_42_1A.protein	Pectobacterium_parmentieri_SCC3193.protein	Pectobacterium_parmentieri_WC19161.protein	Pectobacterium_parmentieri_WPP163.protein	Pectobacterium_parvum_FN20211.protein	Pectobacterium_parvum_PZ1.protein	Pectobacterium_parvum_SR140.protein	Pectobacterium_parvum_YT22221.protein	Pectobacterium_peruviense_A350_S18_N16.protein	Pectobacterium_polaris_BP9026.protein	Pectobacterium_polaris_NIBIO1006.protein	Pectobacterium_polaris_NIBIO1392.protein	Pectobacterium_polaris_QK413_1.protein	Pectobacterium_polaris_SR47.protein	Pectobacterium_polonicum_BP9129.protein	Pectobacterium_polonicum_BY21311.protein	Pectobacterium_polonicum_LMG_31077.protein	Pectobacterium_punjabense_BP9017.protein	Pectobacterium_punjabense_SR15.protein	Pectobacterium_punjabense_SR163.protein	Pectobacterium_punjabense_SR164.protein	Pectobacterium_punjabense_SR28.protein	Pectobacterium_punjabense_SS95.protein	Pectobacterium_quasiaquaticum_A398_S21_F17.protein	Pectobacterium_quasiaquaticum_A477_S1_J17.protein	Pectobacterium_sinaloense_LFLA_215.protein	Pectobacterium_sp_21LCBS03.protein	Pectobacterium_sp_A5351.protein	Pectobacterium_sp_F1_1.protein	Pectobacterium_sp_PL152.protein	Pectobacterium_sp_PL64.protein	Pectobacterium_versatile_14A.protein	Pectobacterium_versatile_3_2.protein	Pectobacterium_versatile_A73_S18_O15.protein	Pectobacterium_versatile_BP9149.protein	Pectobacterium_versatile_DSM_30169.protein	Pectobacterium_versatile_ECC15.protein	Pectobacterium_versatile_F131.protein	Pectobacterium_versatile_M10.protein	Pectobacterium_versatile_M22b.protein	Pectobacterium_versatile_NY1715C.protein	Pectobacterium_versatile_SCC1.protein	Pectobacterium_versatile_SR1.protein	Pectobacterium_versatile_SR12.protein	Pectobacterium_wasabiae_CFBP_3304.protein	Pectobacterium_zantedeschiae_CFBP_1357.protein
OG0009539																																																																																										WP_225087606.1																																																																	
OG0009540																																									WP_040033562.1																																																																																																																		
OG0009541																																																																																																																												WP_323638725.1																															
OG0009542																																																																																																																																												WP_240583908.1															
OG0009543																																																																																																																						WP_145984877.1																																					
OG0009544																																																																																							WP_249686851.1																																																																				
OG0009545																																																																																																																												WP_490307381.1																															
OG0009546																																																																																																																																				WP_107168070.1																							
OG0009547		WP_275070598.1																																																																																																																																																									
OG0009548																																																																																																																																WP_489289970.1																											
OG0009549								WP_256553843.1																																																																																																																																																			
OG0009550																																																																																																							WP_162940691.1																																																				
OG0009551																																																																						WP_138255389.1																																																																																					
OG0009552																																																																																																																																							WP_437215972.1																				
OG0009553											WP_225182363.1																																																																																																																																																
OG0009554																																																						WP_205557729.1																																																																																																					
OG0009555																																																			WP_104212142.1																																																																																																								
OG0009556																																																																																																																																																						AC4LGM_08010					
OG0009557																																																																					WP_231051924.1																																																																																						
OG0009558																																																																																																																													WP_258882578.1																														
OG0009559					WP_261848356.1																																																																																																																																																						
OG0009560							WP_256553843.1																																																																																																																																																				
OG0009561																																																																																																																																																										WP_152413561.1	
OG0009562																																																																																																											AC4LGQ_09405																																																
OG0009563																																																																																														WP_039494482.1																																																													
OG0009564																																																																																																																								WP_157910788.1																																			
OG0009565																																																																																																																																																		WP_242934946.1									
OG0009566	WP_039324854.1																																																																																																																																																										
OG0009567																																																																																													WP_483347619.1																																																														
OG0009568																																																																																								WP_161529686.1																																																																			
OG0009569																																																													WP_106389040.1																																																																																														
OG0009570																																																													WP_227527359.1																																																																																														
OG0009571																									WP_300997514.1																																																																																																																																		
OG0009572																																																																																																WP_011788457.1																																																											
OG0009573																																																																																																																																						WP_250127213.1																					
OG0009574																																																					WP_102118336.1																																																																																																						
OG0009575																																																					WP_106389040.1																																																																																																						
OG0009576																																																										WP_483280813.1																																																																																																	
OG0009577																																																																																																																							WP_323637301.1																																				
OG0009578																																																			WP_478354347.1																																																																																																								
OG0009579																																																																														WP_039503391.1																																																																													
OG0009580																																																																																																																						WP_113632528.1																																					
OG0009581					WP_261847327.1																																																																																																																																																						
OG0009582																																																																																																																																																	WP_212768713.1										
OG0009583																																																																																																																WP_198481599.1																																											
OG0009584																																				WP_145539180.1																																																																																																																							
OG0009585																																																																																														WP_161529428.1																																																													
OG0009586																																																																														WP_336846590.1																																																																													
OG0009587																																																																																																																							WP_323634967.1																																				
OG0009588																																																																																										WP_225085920.1																																																																	
OG0009589																																																																	WP_406642755.1																																																																																										
OG0009590																																																										WP_483280077.1																																																																																																	
OG0009591																																																																																																										WP_121304236.1																																																	
OG0009592																																																																																																																WP_198482215.1																																											
OG0009593																												WP_490326013.1																																																																																																																															
OG0009594	WP_490323463.1																																																																																																																																																										
OG0009595																																																																																																																																																		WP_242934973.1									
OG0009596																																																																																																																														WP_106389040.1																													
OG0009597																																																																																																																							WP_323635770.1																																				
OG0009598																	WP_181829453.1																																																																																																																																										
OG0009599																																																																																																																																			WP_255765098.1																								
OG0009600																	WP_181829455.1																																																																																																																																										
OG0009601																																																																																																																																																											WP_129702638.1
OG0009602																																										WP_131604831.1																																																																																																																	
OG0009603																																																																																																																																							WP_180741449.1																				
OG0009604																																																												WP_080163296.1																																																																																															
OG0009605																																																																																														WP_161530496.1																																																													
OG0009606																																																																																																																																																											WP_395303118.1
OG0009607																																											WP_100016879.1																																																																																																																
OG0009608																																																																						WP_106389040.1																																																																																					
OG0009609																																																					WP_012822451.1																																																																																																						
OG0009610																																																																																	WP_010299285.1																																																																										
OG0009611																																																										WP_483280849.1																																																																																																	
OG0009612																																																											WP_225584629.1																																																																																																
OG0009613																																																																																																																											WP_489328767.1																																
OG0009614																																																																																														WP_161528226.1																																																													
OG0009615																																																									WP_353195013.1																																																																																																		
OG0009616																																																																																																																																												WP_256462087.1															
OG0009617				WP_167469190.1																																																																																																																																																							
OG0009618																																				WP_012822191.1																																																																																																																							
OG0009619																																																																								WP_264041486.1																																																																																			
OG0009620																																																																																																																				WP_039508739.1																																							
OG0009621																																																											WP_225582428.1																																																																																																
OG0009622																																								WP_106389040.1																																																																																																																			
OG0009623												WP_106389040.1																																																																																																																																															
OG0009624																																																																																										WP_225087016.1																																																																	
OG0009625																																																																															HER17_RS07650																																																																												
OG0009626																																																											WP_225582931.1																																																																																																
OG0009627																																																													WP_227528238.1																																																																																														
OG0009628																																																																																																																																																					WP_064799847.1						
OG0009629																																																																						WP_268939685.1																																																																																					
OG0009630																																																																																																																																						WP_039551828.1																					
OG0009631																																																																																																																																									WP_271874844.1																		
OG0009632																																			WP_268197536.1																																																																																																																								
OG0009633											WP_404826016.1																																																																																																																																																
OG0009634																	WP_181828837.1																																																																																																																																										
OG0009635																																																																																																																																						WP_193396982.1																					
OG0009636												WP_349855712.1																																																																																																																																															
OG0009637																																																																													WP_464624820.1																																																																														
OG0009638																																																																																																																																														WP_107332666.1													
OG0009639																																																													WP_227527909.1																																																																																														
OG0009640																																																																						WP_226509795.1																																																																																					
OG0009641																																																																																																																															WP_490324464.1																												
OG0009642																																																																WP_406639406.1																																																																																											
OG0009643																																																																																																																																																								WP_226292420.1			
OG0009644																																																																																																WP_161545929.1																																																											
OG0009645											WP_225182169.1																																																																																																																																																
OG0009646																																																																	WP_406643517.1																																																																																										
OG0009647																																																																																																																	WP_015731038.1																																										
OG0009648																																																										WP_039355163.1																																																																																																	
OG0009649																																																																																																																															WP_277451375.1																												
OG0009650																																																																																													WP_106389040.1																																																														
OG0009651																																										WP_040033750.1																																																																																																																	
OG0009652																																																																																							WP_249686837.1																																																																				
OG0009653																																																								WP_023566399.1																																																																																																			
OG0009654																																																																											WP_072041017.1																																																																																
OG0009655																																																																																																																																																										WP_005967794.1	
OG0009656																																																																																																																																																				WP_202581361.1							
OG0009657																																							WP_125259513.1																																																																																																																				
OG0009658																																																														WP_199378041.1																																																																																													
OG0009659																																																																																																																																																					WP_172450650.1						
OG0009660																																																																																																																																					WP_226373330.1																						
OG0009661																																																												WP_039501065.1																																																																																															
OG0009662																																																																																																																																								WP_226293987.1																			
OG0009663																																																																																																															WP_014699341.1																																												
OG0009664				WP_116165048.1																																																																																																																																																							
OG0009665																																																																																																															WP_014701772.1																																												
OG0009666																																																																																																																					WP_111778900.1																																						
OG0009667																																																																																																																																										WP_263059370.1																	
OG0009668																																																																																																																							WP_205565814.1																																				
OG0009669																																																																																																																																																										WP_005976357.1	
OG0009670																																				WP_463256744.1																																																																																																																							
OG0009671																																																									WP_289362313.1																																																																																																		
OG0009672				WP_116164725.1																																																																																																																																																							
OG0009673																																																																																																																											WP_277512950.1																																
OG0009674																																				WP_463255782.1																																																																																																																							
OG0009675																																																																																																													WP_116164802.1																																														
OG0009676																																					WP_025918863.1																																																																																																																						
OG0009677																																																																																																																												WP_106389040.1																															
OG0009678																																																	WP_064360960.1																																																																																																										
OG0009679																																																																																																																																																				WP_405081208.1							
OG0009680																																																																						WP_019704398.1																																																																																					
OG0009681						AC4LGN_11620																																																																																																																																																					
OG0009682		WP_275071522.1																																																																																																																																																									
OG0009683																																																																																																																																													WP_125233032.1														
OG0009684																																																																						WP_226509793.1																																																																																					
OG0009685																																																																																																															WP_014699244.1																																												
OG0009686																																																																																																WP_161546288.1																																																											
OG0009687																																																																																																				WP_162939917.1																																																							
OG0009688																																																																																																																										WP_222850891.1																																	
OG0009689																																																																																																																WP_232625552.1																																											
OG0009690																																																																																																																																			WP_174869344.1																								
OG0009691						AC4LGN_16980																																																																																																																																																					
OG0009692																																																											WP_225582952.1																																																																																																
OG0009693																																																																																																																										WP_224073708.1																																	
OG0009694																																																																																																																														WP_137739304.1																													
OG0009695																																																																																																																																										WP_263057344.1																	
OG0009696																																																																																																																														WP_137742582.1																													
OG0009697																																																																																					WP_106389040.1																																																																						
OG0009698																																																																																																															WP_014699361.1																																												
OG0009699																																																																																																																													WP_010298854.1																														
OG0009700																																																																																WP_203470206.1																																																																											
OG0009701																																																																																																																																																										WP_193789851.1	
OG0009702				WP_116163036.1																																																																																																																																																							
OG0009703																																																																																																																													WP_258882617.1																														
OG0009704																																																																																																																																												WP_240585572.1															
OG0009705																																																																																																																																							WP_437216294.1																				
OG0009706																																						WP_205545375.1																																																																																																																					
OG0009707																																																						WP_205546737.1																																																																																																					
OG0009708																																																																																																																																										WP_263058854.1																	
OG0009709																																																																																																																																																							WP_232835189.1				
OG0009710																																																																																																																																			WP_489262167.1																								
OG0009711																																							WP_106389040.1																																																																																																																				
OG0009712																																		GT391_RS06415																																																																																																																									
OG0009713																																																																																																																										WP_224072138.1																																	
OG0009714																																																											WP_201723178.1																																																																																																
OG0009715																																													WP_488471857.1																																																																																																														
OG0009716																																																																																																																											WP_277512952.1																																
OG0009717																																																																																							WP_249686818.1																																																																				
OG0009718										WP_205947508.1																																																																																																																																																	
OG0009719																																																																																																																																				WP_107168054.1																							
OG0009720																																																					WP_146003405.1																																																																																																						
OG0009721																																																																																																																																																								WP_225586524.1			
OG0009722																																																																																																WP_022614434.1																																																											
OG0009723																																																																																																																																				WP_107169398.1																							
OG0009724																																																										WP_483279946.1																																																																																																	
OG0009725																																		GT391_RS01975																																																																																																																									
OG0009726																																																																																																																																																										WP_039477595.1	
OG0009727																																																																																																																																												WP_240583411.1															
OG0009728																																																																																																																																																WP_323612628.1											
OG0009729																																																																																																																																																											WP_129703839.1
OG0009730																																																																																															WP_490324239.1																																																												
OG0009731																																																																																																																																									WP_271874486.1																		
OG0009732																									WP_300993921.1																																																																																																																																		
OG0009733																																																																	WP_320721479.1																																																																																										
OG0009734																																																																																																																WP_181829275.1																																											
OG0009735																																																																																																																																							WP_437216319.1																				
OG0009736																										WP_040118338.1																																																																																																																																	
OG0009737																																																																																																								WP_103183084.1																																																			
OG0009738																																																																																																																			WP_425353142.1																																								
OG0009739																																													WP_488471370.1																																																																																																														
OG0009740																																																																					WP_231051870.1																																																																																						
OG0009741																																				WP_463255789.1																																																																																																																							
OG0009742																																																																																																																																																WP_323612685.1											
OG0009743																																																																																																																																									WP_271874075.1																		
OG0009744																																																											WP_225584301.1																																																																																																
OG0009745																																																																													WP_261867042.1																																																																														
OG0009746				WP_228400043.1																																																																																																																																																							
OG0009747																															ECA_RS08115																																																																																																																												
OG0009748																																																																																																																																																											WP_129704064.1
OG0009749																																																																																																																															WP_323666619.1																												
OG0009750																																																											WP_225584390.1																																																																																																
OG0009751																																																														WP_249647486.1																																																																																													
OG0009752																																																																																																																																																										WP_156105175.1	
OG0009753																																									WP_039273704.1																																																																																																																		
OG0009754						AC4LGN_14070																																																																																																																																																					
OG0009755																									WP_300997105.1																																																																																																																																		
OG0009756																																																																																										WP_225086938.1																																																																	
OG0009757																																																																																																																																																			WP_040032747.1								
OG0009758																																											WP_157765244.1																																																																																																																
OG0009759					WP_261849479.1																																																																																																																																																						
OG0009760																																																																																																																																																											WP_129704042.1
OG0009761																																																																																																																																																											WP_129706138.1
OG0009762																																																																																																																																																WP_226296366.1											
OG0009763																																																																	WP_406640535.1																																																																																										
OG0009764																																																			WP_205591169.1																																																																																																								
OG0009765																	WP_181829459.1																																																																																																																																										
OG0009766																																																																																													WP_483347698.1																																																														
OG0009767																																																																														WP_261855760.1																																																																													
OG0009768																																																																																																		WP_019082174.1																																																									
OG0009769																																																																						WP_138254775.1																																																																																					
OG0009770																																																																																																																					WP_258210429.1																																						
OG0009771																																																																																									WP_161529686.1																																																																		
OG0009772					WP_261848073.1																																																																																																																																																						
OG0009773																																																																																																																																						WP_193397950.1																					
OG0009774																																																																																																																																																	WP_116361805.1										
OG0009775																																																																																																																								WP_095995188.1																																			
OG0009776																																																																																																																							WP_323634991.1																																				
OG0009777																																																																																																																																																					WP_405077819.1						
OG0009778																																																																																																																																									WP_442953147.1																		
OG0009779																																																																							WP_323641377.1																																																																																				
OG0009780																																																																																WP_475596261.1																																																																											
OG0009781																																																																																																																																									WP_271874946.1																		
OG0009782																																																																																																																											WP_277513739.1																																
OG0009783																																											WP_050881864.1																																																																																																																
OG0009784																																													WP_039498111.1																																																																																																														
OG0009785																																																										WP_483280860.1																																																																																																	
OG0009786																																																																																																																																				WP_107168510.1																							
OG0009787																																																																																													WP_483346228.1																																																														
OG0009788																																																																																																																													WP_258884814.1																														
OG0009789																																																								WP_039503422.1																																																																																																			
OG0009790																																																																																																																																																WP_323612686.1											
OG0009791																																																																																																																																																			WP_230857546.1								
OG0009792																																		GT391_RS20670																																																																																																																									
OG0009793																																																																																		WP_062792284.1																																																																									
OG0009794																																																																																																				WP_121268544.1																																																							
OG0009795																																																																																																																										WP_181892574.1																																	
OG0009796																																																																																																																																								WP_248721756.1																			
OG0009797																																						WP_205545371.1																																																																																																																					
OG0009798																																		GT391_RS10030																																																																																																																									
OG0009799																																																																																																																																														WP_159051004.1													
OG0009800																																																																																																				WP_121268426.1																																																							
OG0009801																																																																																																																																															WP_125233011.1												
OG0009802																																																																																																																														WP_395303334.1																													
OG0009803																																									WP_339098785.1																																																																																																																		
OG0009804																																																																																																																									WP_095699057.1																																		
OG0009805																																									WP_339098057.1																																																																																																																		
OG0009806																																																																																	WP_239768129.1																																																																										
OG0009807																																								WP_379057908.1																																																																																																																			
OG0009808																																													WP_488471991.1																																																																																																														
OG0009809																																																																																										WP_225087017.1																																																																	
OG0009810																																																	WP_102118369.1																																																																																																										
OG0009811																																																																																																																												WP_225086686.1																															
OG0009812																																AC4LGO_16750																																																																																																																											
OG0009813																																																																																WP_151241674.1																																																																											
OG0009814																																																																																																																														WP_167494499.1																													
OG0009815						AC4LGN_16910																																																																																																																																																					
OG0009816												WP_349855048.1																																																																																																																																															
OG0009817																																					WP_075278028.1																																																																																																																						
OG0009818																																																																																																																				WP_106389040.1																																							
OG0009819																																																																																WP_203470208.1																																																																											
OG0009820																																																																																				WP_106389040.1																																																																							
OG0009821																																																																																																				WP_121268812.1																																																							
OG0009822				WP_116164217.1																																																																																																																																																							
OG0009823																																																																																																																																									WP_442953091.1																		
OG0009824		WP_275071991.1																																																																																																																																																									
OG0009825																																																																																																																												WP_323640900.1																															
OG0009826																																																																																																																WP_198481922.1																																											
OG0009827																																											WP_106389040.1																																																																																																																
OG0009828																															ECA_RS22760																																																																																																																												
OG0009829																																									WP_339098606.1																																																																																																																		
OG0009830																																																																																																			WP_121265842.1																																																								
OG0009831																																																																																																																																						WP_052238882.1																					
OG0009832																																																																																																																	WP_012822415.1																																										
OG0009833																																																																																																																																																							WP_119158888.1				
OG0009834																																																																																																																													WP_258884610.1																														
OG0009835																																																																																														WP_161529432.1																																																													
OG0009836																																																																																																																			WP_116164800.1																																								
OG0009837																																																																																																																																																										WP_005967175.1	
OG0009838																																																									WP_289362001.1																																																																																																		
OG0009839																																																			WP_205591862.1																																																																																																								
OG0009840																															ECA_RS14340																																																																																																																												
OG0009841																																																																														WP_336847229.1																																																																													
OG0009842																																																																						WP_226509615.1																																																																																					
OG0009843																																																																																																										WP_106389040.1																																																	
OG0009844																																																																																																																												WP_490307360.1																															
OG0009845																																																																																																WP_161545924.1																																																											
OG0009846																																																																													WP_464624539.1																																																																														
OG0009847																																																																																																																														WP_395303275.1																													
OG0009848																																																																																																WP_420029369.1																																																											
OG0009849																																																																																																															WP_014699330.1																																												
OG0009850																																																										WP_336865892.1																																																																																																	
OG0009851																																																																																																																																																											WP_129703843.1
OG0009852																																																																																																																																																											WP_129704232.1
OG0009853																																																									WP_289361846.1																																																																																																		
OG0009854																																																																																															WP_011094908.1																																																												
OG0009855																																																																								WP_205947877.1																																																																																			
OG0009856																									WP_300998089.1																																																																																																																																		
OG0009857																																																										WP_483280063.1																																																																																																	
OG0009858																																																																																																								WP_121313319.1																																																			
OG0009859																																							WP_446730501.1																																																																																																																				
OG0009860																																																																																																																																																						AC4LGM_23080					
OG0009861											WP_225181180.1																																																																																																																																																
OG0009862																																																																													WP_464626996.1																																																																														
OG0009863																																																																																																																								WP_095995186.1																																			
OG0009864																																																																																WP_203470335.1																																																																											
OG0009865																																																																																																																																										WP_263058864.1																	
OG0009866																														WP_043135123.1																																																																																																																													
OG0009867																																																																																																		WP_157985466.1																																																									
OG0009868																																																																																																																		WP_103199494.1																																									
OG0009869																																													WP_488471364.1																																																																																																														
OG0009870																																		GT391_RS01945																																																																																																																									
OG0009871																															ECA_RS23425																																																																																																																												
OG0009872																																																																																																																			WP_161546966.1																																								
OG0009873																																																																																																																																																							WP_164496813.1				
OG0009874																								WP_350315749.1																																																																																																																																			
OG0009875																																		GT391_RS15040																																																																																																																									
OG0009876																																																																																																				WP_121268634.1																																																							
OG0009877																								WP_350315750.1																																																																																																																																			
OG0009878																																																																																																																																						WP_193399143.1																					
OG0009879																										WP_051918073.1																																																																																																																																	
OG0009880					WP_261848979.1																																																																																																																																																						
OG0009881																																																																																																			WP_240431520.1																																																								
OG0009882																									WP_300997657.1																																																																																																																																		
OG0009883																																																						WP_205546336.1																																																																																																					
OG0009884																																																																																																															WP_014699294.1																																												
OG0009885																																																								WP_488450361.1																																																																																																			
OG0009886																																																																																																																																												WP_240583911.1															
OG0009887																																																																																																																																												WP_240583420.1															
OG0009888																																																																																																																																																	WP_212769088.1										
OG0009889																																																																																																																	WP_015730079.1																																										
OG0009890																																																								WP_039485998.1																																																																																																			
OG0009891																																																																																																																				WP_225969809.1																																							
OG0009892																																																																																																															WP_014699257.1																																												
OG0009893																		WP_256620710.1																																																																																																																																									
OG0009894																																											WP_100017241.1																																																																																																																
OG0009895																																																																																			WP_161509372.1																																																																								
OG0009896																																																																																																																																																											WP_129709464.1
OG0009897																																AC4LGO_19255																																																																																																																											
OG0009898																																			WP_258069264.1																																																																																																																								
OG0009899																													WP_215216028.1																																																																																																																														
OG0009900																																																																																																																																																				WP_405081988.1							
OG0009901																																																																							WP_010299285.1																																																																																				
OG0009902										WP_129703742.1																																																																																																																																																	
OG0009903																																AC4LGO_07735																																																																																																																											
OG0009904																																																																																																															WP_148273026.1																																												
OG0009905																																																	WP_165800627.1																																																																																																										
OG0009906																																							WP_446730343.1																																																																																																																				
OG0009907																																																																																																																											WP_275244759.1																																
OG0009908																															ECA_RS08160																																																																																																																												
OG0009909																																																																																		WP_237613220.1																																																																									
OG0009910																				WP_106389040.1																																																																																																																																							
OG0009911																																																									WP_289362305.1																																																																																																		
OG0009912																																																																																																		WP_127087914.1																																																									
OG0009913																																																			WP_205591358.1																																																																																																								
OG0009914																	WP_181838193.1																																																																																																																																										
OG0009915																																																																																																															WP_014699258.1																																												
OG0009916																																																																																																																																																								WP_064799869.1			
OG0009917																																																																																					WP_043901922.1																																																																						
OG0009918																																																																																			WP_161509340.1																																																																								
OG0009919																																																																																																																																																	WP_039534786.1										
OG0009920																																																																																																																																												WP_240583419.1															
OG0009921										WP_205947897.1																																																																																																																																																	
OG0009922												WP_349855706.1																																																																																																																																															
OG0009923																																																																																																																																						WP_193401013.1																					
OG0009924																																																																																																																							WP_323636281.1																																				
OG0009925																																																															WP_203450088.1																																																																																												
OG0009926	WP_490322830.1																																																																																																																																																										
OG0009927																																																									WP_289361541.1																																																																																																		
OG0009928																																																																														WP_106389040.1																																																																													
OG0009929																																																																																																																																																								WP_225586334.1			
OG0009930																																										WP_426595911.1																																																																																																																	
OG0009931																																											WP_198406574.1																																																																																																																
OG0009932					WP_103160537.1																																																																																																																																																						
OG0009933																																																																																																																																																				WP_240479391.1							
OG0009934																																							WP_320698731.1																																																																																																																				
OG0009935																																																										WP_249647198.1																																																																																																	
OG0009936																																																																																																																																																						AC4LGM_05210					
OG0009937																																																																																																																																																										WP_152413531.1	
OG0009938																																																																																																																										WP_222850890.1																																	
OG0009939																																																																																																																															WP_323667104.1																												
OG0009940																																																																																																																																													WP_125232327.1														
OG0009941																																		GT391_RS21560																																																																																																																									
OG0009942																																																					WP_012822434.1																																																																																																						
OG0009943																																																																																																																				WP_165708074.1																																							
OG0009944																																								WP_039554956.1																																																																																																																			
OG0009945																																																					WP_109491858.1																																																																																																						
OG0009946																																																																																																																										WP_224072605.1																																	
OG0009947																																																								WP_488450489.1																																																																																																			
OG0009948																																																																										WP_405079097.1																																																																																	
OG0009949																																																																																																																																																		WP_242934895.1									
OG0009950																																																																																										WP_225087607.1																																																																	
OG0009951					WP_261848202.1																																																																																																																																																						
OG0009952																												WP_490326021.1																																																																																																																															
OG0009953																																																																												WP_405079097.1																																																																															
OG0009954				WP_167469176.1																																																																																																																																																							
OG0009955				WP_228400051.1																																																																																																																																																							
OG0009956																																																																																								WP_180741449.1																																																																			
OG0009957																																		GT391_RS20655																																																																																																																									
OG0009958																																																																																																																																																WP_490319379.1											
OG0009959																																										WP_040034510.1																																																																																																																	
OG0009960																																																																																																																																																							WP_130587516.1				
OG0009961																																					WP_075278047.1																																																																																																																						
OG0009962																																																												WP_080163588.1																																																																																															
OG0009963																																																																																																																																																WP_323661056.1											
OG0009964																																																																																																																						WP_106389040.1																																					
OG0009965																																																																																							WP_249686813.1																																																																				
OG0009966																																																																														WP_261877743.1																																																																													
OG0009967																																																											WP_225584568.1																																																																																																
OG0009968																																																																																																																																								WP_248721306.1																			
OG0009969																																																																																														WP_103158486.1																																																													
OG0009970																																			WP_268198605.1																																																																																																																								
OG0009971																																																																																																																																																										WP_005970002.1	
OG0009972																																								WP_379058966.1																																																																																																																			
OG0009973				WP_208644332.1																																																																																																																																																							
OG0009974																																																			WP_205591779.1																																																																																																								
OG0009975																																																																																																																																										WP_024108545.1																	
OG0009976																																																																																																																																									WP_271874846.1																		
OG0009977																																																																																																																																														WP_107332669.1													
OG0009978																																																																																																																									WP_095699163.1																																		
OG0009979																																				WP_463256668.1																																																																																																																							
OG0009980																																																																																																																																								WP_248721950.1																			
OG0009981																																																																																											WP_350238892.1																																																																
OG0009982																																																																								WP_264041247.1																																																																																			
OG0009983																																																																																																																														WP_395303279.1																													
OG0009984																																		GT391_RS15170																																																																																																																									
OG0009985																																																																																																																																												WP_240584898.1															
OG0009986																																		GT391_RS01930																																																																																																																									
OG0009987																								WP_350317213.1																																																																																																																																			
OG0009988																																																																																																				WP_025918867.1																																																							
OG0009989																																																																																																																																										WP_106389040.1																	
OG0009990																																																								WP_146074514.1																																																																																																			
OG0009991																	WP_181829458.1																																																																																																																																										
OG0009992																																																																																																WP_161545427.1																																																											
OG0009993																																																																																																																															WP_277452567.1																												
OG0009994			WP_368726637.1																																																																																																																																																								
OG0009995					WP_261846957.1																																																																																																																																																						
OG0009996																																																																																													WP_483347688.1																																																														
OG0009997																																																																													WP_464626493.1																																																																														
OG0009998																																																																																						WP_194431198.1																																																																					
OG0009999																																																	WP_205592486.1																																																																																																										
OG0010000																																					WP_075278033.1																																																																																																																						
OG0010001																																																																																			WP_219729238.1																																																																								
OG0010002																																																																																						WP_194431566.1																																																																					
OG0010003																																																																																																																																																										WP_005969510.1	
OG0010004																																																																																																																																									WP_000238497.1																		
OG0010005																																																																																																																																									WP_106389040.1																		
OG0010006																								WP_350316469.1																																																																																																																																			
OG0010007																																																																																																																	WP_157681919.1																																										
OG0010008																																			WP_075277856.1																																																																																																																								
OG0010009																																		GT391_RS21865																																																																																																																									
OG0010010																																																																																																			WP_127087852.1																																																								
OG0010011																																AC4LGO_15015																																																																																																																											
OG0010012																																																																																	WP_016060775.1																																																																										
OG0010013																																																																																																																																																								WP_404826234.1			
OG0010014																																																																																							WP_053075355.1																																																																				
OG0010015																																																																																																																														WP_137741935.1																													
OG0010016																																																																																																																		WP_106389040.1																																									
OG0010017																																																																																																								WP_121313228.1																																																			
OG0010018																																																																																																						WP_106389040.1																																																					
OG0010019																																																																																																																																							WP_437214880.1																				
OG0010020																																																																																																																																																		WP_242934948.1									
OG0010021																																																																																														WP_161529192.1																																																													
OG0010022				WP_116164855.1																																																																																																																																																							
OG0010023				WP_116165058.1																																																																																																																																																							
OG0010024																																										WP_014699424.1																																																																																																																	
OG0010025																																																																																																																			WP_425353151.1																																								
OG0010026																																																																																																WP_474162787.1																																																											
OG0010027																																																																																																																														WP_137742231.1																													
OG0010028																																																																																																																																												WP_240583416.1															
OG0010029																																																																																																																											WP_106389040.1																																
OG0010030																																																												WP_240559204.1																																																																																															
OG0010031																																																																																																																										WP_224073357.1																																	
OG0010032																																																																																																																																																								WP_225586233.1			
OG0010033																																																																															HER17_RS18525																																																																												
OG0010034																																																																																																																																										WP_263057539.1																	
OG0010035																																																											WP_225584236.1																																																																																																
OG0010036																																																																																																																														WP_395303240.1																													
OG0010037																																																																																																		WP_127087880.1																																																									
OG0010038																																																									WP_191923811.1																																																																																																		
OG0010039																																					WP_039287760.1																																																																																																																						
OG0010040																																																																																																																																																										WP_039479317.1	
OG0010041																																																																																														WP_161529094.1																																																													
OG0010042																																																																																																														WP_167353658.1																																													
OG0010043																																																																																					WP_014915181.1																																																																						
OG0010044																																																																																																																											WP_277513736.1																																
OG0010045																																																																																																																																									WP_271873544.1																		
OG0010046																																																																																																																														WP_395303331.1																													
OG0010047																																																																																																																																													WP_039485998.1														
OG0010048																																																																																														WP_167521824.1																																																													
OG0010049																																																																																																																																														WP_039275342.1													
OG0010050																																								WP_379058975.1																																																																																																																			
OG0010051																																																																																																																																													WP_240354419.1														
OG0010052			WP_106389040.1																																																																																																																																																								
OG0010053																																																																																																																									WP_038911057.1																																		
OG0010054																																																																																																											AC4LGQ_09020																																																
OG0010055																																																			WP_237027545.1																																																																																																								
OG0010056																																																																						WP_226509621.1																																																																																					
OG0010057	WP_490323201.1																																																																																																																																																										
OG0010058																																				WP_463256109.1																																																																																																																							
OG0010059																								WP_350315659.1																																																																																																																																			
OG0010060																																																																																																WP_145573973.1																																																											
OG0010061																																																																																																																																									WP_271876213.1																		
OG0010062																																																																																																					WP_106389040.1																																																						
OG0010063				WP_167469178.1																																																																																																																																																							
OG0010064																																																																																																															WP_043898776.1																																												
OG0010065			WP_116166199.1																																																																																																																																																								
OG0010066																																																																																																										WP_121304298.1																																																	
OG0010067																																																																																																																							WP_323635357.1																																				
OG0010068																																																																																																																																																					WP_405077682.1						
OG0010069																																																																																																																																				WP_010298854.1																							
OG0010070																																																																																																																			WP_161546887.1																																								
OG0010071																																																													WP_227527250.1																																																																																														
OG0010072					WP_261849572.1																																																																																																																																																						
OG0010073																																																																																														WP_208851957.1																																																													
OG0010074																																																												WP_039467702.1																																																																																															
OG0010075																																																																																																																																				WP_107168506.1																							
OG0010076																																																																																														WP_161530497.1																																																													
OG0010077																																																										WP_483280086.1																																																																																																	
OG0010078																																																																																																																																					WP_193407660.1																						
OG0010079																																																																																																																							WP_490319059.1																																				
OG0010080																																																																																																																								WP_095995091.1																																			
OG0010081																	WP_181829552.1																																																																																																																																										
OG0010082																									WP_300993346.1																																																																																																																																		
OG0010083																																																																																																																																										WP_263057504.1																	
OG0010084	WP_240350011.1																																																																																																																																																										
OG0010085																																				WP_463256789.1																																																																																																																							
OG0010086																																																																																		WP_050084567.1																																																																									
OG0010087																																									WP_180788347.1																																																																																																																		
OG0010088																																																																								WP_264041803.1																																																																																			
OG0010089																																																																																																				WP_121268790.1																																																							
OG0010090												WP_349856781.1																																																																																																																																															
OG0010091																																																																								WP_264041484.1																																																																																			
OG0010092																										WP_040118353.1																																																																																																																																	
OG0010093																																																																																		WP_237613265.1																																																																									
OG0010094																																																																																																																																																		WP_242934910.1									
OG0010095																																																																																																																																										WP_263057992.1																	
OG0010096																	WP_181828817.1																																																																																																																																										
OG0010097																																																																																														WP_161527943.1																																																													
OG0010098																																																									WP_289362312.1																																																																																																		
OG0010099				WP_105879245.1																																																																																																																																																							
OG0010100																																																																															HER17_RS12610																																																																												
OG0010101																																																																																																																																																								WP_225586243.1			
OG0010102																																																																																																																																										WP_263057648.1																	
OG0010103																																																															WP_203449150.1																																																																																												
OG0010104					WP_261849195.1																																																																																																																																																						
OG0010105																																									WP_039461599.1																																																																																																																		
OG0010106																																																																																														WP_161529098.1																																																													
OG0010107																																													WP_488471789.1																																																																																																														
OG0010108																																																				WP_205590919.1																																																																																																							
OG0010109																																																																																																															WP_043898713.1																																												
OG0010110																																																																																																																										WP_049646450.1																																	
OG0010111																																																																																																																															WP_323666615.1																												
OG0010112																																																						WP_205557755.1																																																																																																					
OG0010113																																													WP_488471372.1																																																																																																														
OG0010114																																																																																																		WP_127088012.1																																																									
OG0010115																																																																																																															WP_014699339.1																																												
OG0010116																																		GT391_RS01970																																																																																																																									
OG0010117																																																																						WP_226509618.1																																																																																					
OG0010118																																																																																																																																																										WP_005967042.1	
OG0010119																																																																															HER17_RS18530																																																																												
OG0010120				WP_116165052.1																																																																																																																																																							
OG0010121																																																																																																																			WP_245394262.1																																								
OG0010122																																																																																																																																															WP_130621411.1												
OG0010123																																																																																												WP_106389040.1																																																															
OG0010124																																																																																																																																																										WP_407670468.1	
OG0010125																																																																																																																																													WP_125232330.1														
OG0010126																																																																																							WP_274214950.1																																																																				
OG0010127																																																																															HER17_RS17455																																																																												
OG0010128																																				WP_463256051.1																																																																																																																							
OG0010129																																																																																																																																						WP_250127248.1																					
OG0010130																																									WP_339098722.1																																																																																																																		
OG0010131			WP_116186884.1																																																																																																																																																								
OG0010132																																																																																																																																									WP_271875938.1																		
OG0010133																																																																																																																														WP_395303252.1																													
OG0010134																																			WP_268198478.1																																																																																																																								
OG0010135																																																																																																																									WP_106389040.1																																		
OG0010136																																																																																																																																										WP_263058223.1																	
OG0010137																																																																																																																																																					WP_349853974.1						
OG0010138																																																						WP_014914371.1																																																																																																					
OG0010139																																																																							WP_226293917.1																																																																																				
OG0010140																																																																																																																																																											WP_039285699.1
OG0010141																																																																																														WP_161528053.1																																																													
OG0010142																																																																																																																																																									WP_226305929.1		
OG0010143		WP_275070977.1																																																																																																																																																									
OG0010144																																																											WP_225584282.1																																																																																																
OG0010145																																																																																																																														WP_137741059.1																													
OG0010146																																																																																																		WP_127088015.1																																																									
OG0010147	WP_490322727.1																																																																																																																																																										
OG0010148																																																																																																																																						WP_010282462.1																					
OG0010149																																																																																										WP_225087605.1																																																																	
OG0010150																																																																																																WP_202620835.1																																																											
OG0010151																																																																																		WP_161502853.1																																																																									
OG0010152											WP_225182236.1																																																																																																																																																
OG0010153																																																																																						WP_106389040.1																																																																					
OG0010154																																																																																																																			WP_161546892.1																																								
OG0010155																																																																																																																																																		WP_242934835.1									
OG0010156																																																																																																																																									WP_271877867.1																		
OG0010157																																																																																																																																									WP_271874441.1																		
OG0010158																																																																																																																																										WP_263057538.1																	
OG0010159																																																																																																																								WP_095993327.1																																			
OG0010160																																																																																																																														WP_137742531.1																													
OG0010161																																																																																																																					WP_146754378.1																																						
OG0010162																																																											WP_225582604.1																																																																																																
OG0010163																																																																																																																														WP_395303156.1																													
OG0010164										WP_205947501.1																																																																																																																																																	
OG0010165																																																																																												WP_431889887.1																																																															
OG0010166																																																																																			WP_161509617.1																																																																								
OG0010167																																																																																																																																								WP_248721492.1																			
OG0010168																																																																																																																																															WP_411182606.1												
OG0010169																																																																																																		WP_111778955.1																																																									
OG0010170																																																																				WP_338539480.1																																																																																							
OG0010171																																																																																																																				WP_111778446.1																																							
OG0010172												WP_129704275.1																																																																																																																																															
OG0010173																																																			WP_205560418.1																																																																																																								
OG0010174																																																																																																WP_109463706.1																																																											
OG0010175																																																																																																																														WP_395303345.1																													
OG0010176																									WP_300994376.1																																																																																																																																		
OG0010177																																				WP_463256112.1																																																																																																																							
OG0010178																																									WP_039461596.1																																																																																																																		
OG0010179																																																					WP_039512823.1																																																																																																						
OG0010180																																			WP_268198603.1																																																																																																																								
OG0010181																																				WP_463256108.1																																																																																																																							
OG0010182																																																																													WP_106389040.1																																																																														
OG0010183																																																																																																																																												WP_240583915.1															
OG0010184																																																										WP_483280885.1																																																																																																	
OG0010185																																																																																																																																													WP_125233384.1														
OG0010186																														WP_167332632.1																																																																																																																													
OG0010187																																						WP_240354878.1																																																																																																																					
OG0010188																																																																																																															WP_014699567.1																																												
OG0010189					WP_226297842.1																																																																																																																																																						
OG0010190																																																	WP_119888222.1																																																																																																										
OG0010191					WP_425606602.1																																																																																																																																																						
OG0010192																																																																																																																							WP_323635615.1																																				
OG0010193																																																																																													WP_483346102.1																																																														
OG0010194																																																																																																																																																				WP_072041017.1							
OG0010195																																																					WP_012822435.1																																																																																																						
OG0010196																																																																																																																																										WP_263057540.1																	
OG0010197																																																																																																																																													WP_011094923.1														
OG0010198																																																																																																																						WP_113626175.1																																					
OG0010199																																																																																																																		WP_230243005.1																																									
OG0010200																																																																	WP_406643575.1																																																																																										
OG0010201																																																										WP_234991482.1																																																																																																	
OG0010202																																																																																																																																																											WP_129705359.1
OG0010203																																																												WP_058610850.1																																																																																															
OG0010204																																																																																																		WP_127087915.1																																																									
OG0010205																																																																																																		WP_127088007.1																																																									
OG0010206																																																																																																																										WP_224072162.1																																	
OG0010207																																			WP_205532913.1																																																																																																																								
OG0010208																																																																																																																																				WP_133169850.1																							
OG0010209																																													WP_320699043.1																																																																																																														
OG0010210																																																													WP_012822191.1																																																																																														
OG0010211																																																																																																																						WP_368350114.1																																					
OG0010212																																																													WP_227528036.1																																																																																														
OG0010213																																																																WP_051906055.1																																																																																											
OG0010214																																																																																																																																																				WP_405081996.1							
OG0010215																																																																																																																							WP_323635950.1																																				
OG0010216																																																																																																																																																			WP_230857569.1								
OG0010217																																																																																																																																												WP_240584375.1															
OG0010218																																																																	WP_039519667.1																																																																																										
OG0010219																																																										WP_203448593.1																																																																																																	
OG0010220																									WP_300997796.1																																																																																																																																		
OG0010221																																																									WP_289362520.1																																																																																																		
OG0010222																																																																																																																																													WP_125233026.1														
OG0010223																																								WP_379058849.1																																																																																																																			
OG0010224																																																																																																																																									WP_271874843.1																		
OG0010225																																																																																																																																													WP_125233039.1														
OG0010226																																																																																																			WP_106389040.1																																																								
OG0010227																																																																																																															WP_014698612.1																																												
OG0010228																																																																																																																																																										WP_005967168.1	
OG0010229																																																																																																																																								WP_248721660.1																			
OG0010230																																																																																																																								WP_125460913.1																																			
OG0010231																																																														WP_106389040.1																																																																																													
OG0010232												WP_349855383.1																																																																																																																																															
OG0010233																																																																																																																							WP_490319279.1																																				
OG0010234																																																													WP_161494299.1																																																																																														
OG0010235																																													WP_205567743.1																																																																																																														
OG0010236																																																																																																																																																	WP_212768716.1										
OG0010237																																									WP_052439344.1																																																																																																																		
OG0010238																																																																																																																																																						AC4LGM_05205					
OG0010239																																																																																																																														WP_137741944.1																													
OG0010240																																																																					WP_039516894.1																																																																																						
OG0010241																																																																																											WP_350238931.1																																																																
OG0010242																																																																																																																																																										WP_005974057.1	
OG0010243																																																																																																															WP_014698577.1																																												
OG0010244																																																																																																																									WP_095699798.1																																		
OG0010245																																													WP_488471651.1																																																																																																														
OG0010246																																																											WP_225583042.1																																																																																																
OG0010247																																																																																																																																																									WP_130622536.1		
OG0010248																																																																																																																																									WP_271877913.1																		
OG0010249																																											WP_063623750.1																																																																																																																
OG0010250											WP_225182237.1																																																																																																																																																
OG0010251	WP_052012618.1																																																																																																																																																										
OG0010252																																																																																	WP_239768125.1																																																																										
OG0010253																																							WP_320698812.1																																																																																																																				
OG0010254																																																																	WP_406642771.1																																																																																										
OG0010255																																																																																																																																					WP_226373131.1																						
OG0010256																																																																																																																WP_106389040.1																																											
OG0010257																																																																																							WP_274214408.1																																																																				
OG0010258																																																																																																																																																							WP_130587510.1				
OG0010259																																																																																																																																																WP_323612624.1											
OG0010260																																																																																														WP_161529191.1																																																													
OG0010261																																																																																							WP_039498874.1																																																																				
OG0010262																																																	WP_205592483.1																																																																																																										
OG0010263	WP_490323295.1																																																																																																																																																										
OG0010264																																																																																																																						WP_113631998.1																																					
OG0010265																																																																																																																																																				WP_405080989.1							
OG0010266																																																																																																																		WP_230243006.1																																									
OG0010267																																																																																																															WP_014699331.1																																												
OG0010268																																																																													WP_464625637.1																																																																														
OG0010269																																				WP_121266703.1																																																																																																																							
OG0010270																																																																																																																											WP_277516366.1																																
OG0010271																																																																						WP_138255113.1																																																																																					
OG0010272																																																																															HER17_RS18020																																																																												
OG0010273																															ECA_RS19000																																																																																																																												
OG0010274																																																								WP_039500415.1																																																																																																			
OG0010275																																																														WP_434996816.1																																																																																													
OG0010276																																																																																																																																																									WP_226306130.1		
OG0010277																																																																																																										WP_103164465.1																																																	
OG0010278																																																																																																																													WP_258884867.1																														
OG0010279																																																																																																																											WP_277516966.1																																
OG0010280																																																																																																																															WP_277452560.1																												
OG0010281																																																																																														WP_161527886.1																																																													
OG0010282																																																				WP_420907778.1																																																																																																							
OG0010283																																																																																																																		WP_230241966.1																																									
OG0010284																																																																																																																																							WP_437214410.1																				
OG0010285																																																																																																															WP_014699998.1																																												
OG0010286																																																																																																											AC4LGQ_11400																																																
OG0010287																																																																																																																															WP_490324466.1																												
OG0010288																																																																																																																																				WP_107169260.1																							
OG0010289																																																																																																																																														WP_107332642.1													
OG0010290																																							WP_446729849.1																																																																																																																				
OG0010291																																																																																																																																																											WP_129703841.1
OG0010292																																										WP_240479113.1																																																																																																																	
OG0010293																																																																								WP_106389040.1																																																																																			
OG0010294																																																																																																																																																										WP_005973915.1	
OG0010295																																																																																																																																																WP_180787273.1											
OG0010296																																					WP_075278040.1																																																																																																																						
OG0010297																																																																																																																																																										WP_005975783.1	
OG0010298																																																																																																																		WP_230243117.1																																									
OG0010299																																																																WP_205594436.1																																																																																											
OG0010300																																																																																																																																																											WP_129707984.1
OG0010301																																						WP_205545050.1																																																																																																																					
OG0010302																																																																																																		WP_033070868.1																																																									
OG0010303																																																																																																										WP_121304226.1																																																	
OG0010304																																																																																															WP_198337347.1																																																												
OG0010305																																																																																																				WP_420892448.1																																																							
OG0010306																																																																																																																																WP_489289627.1																											
OG0010307																																																																																																																																																				WP_405081594.1							
OG0010308																																																																																																																																																		WP_188247232.1									
OG0010309																																																																																							WP_039498868.1																																																																				
OG0010310																																																																																																																																								WP_012822191.1																			
OG0010311																																																																																																																																																										WP_051983880.1	
OG0010312																																																																																																				WP_121268810.1																																																							
OG0010313																																																																																																																														WP_137741926.1																													
OG0010314																																																				WP_420907779.1																																																																																																							
OG0010315											WP_225182239.1																																																																																																																																																
OG0010316																																																																																																																																						WP_193400933.1																					
OG0010317	WP_039302911.1																																																																																																																																																										
OG0010318																																																													WP_227528112.1																																																																																														
OG0010319																																																																																		WP_161502989.1																																																																									
OG0010320																																																																																																		WP_127088008.1																																																									
OG0010321																																																																																																	WP_014699604.1																																																										
OG0010322																																																																																																																																								WP_248721103.1																			
OG0010323																																																			WP_205591704.1																																																																																																								
OG0010324																																																									WP_289362016.1																																																																																																		
OG0010325		WP_275070843.1																																																																																																																																																									
OG0010326												WP_349855052.1																																																																																																																																															
OG0010327																																																	WP_012822376.1																																																																																																										
OG0010328																																																																																																		WP_127088010.1																																																									
OG0010329																																																																																					WP_014915536.1																																																																						
OG0010330						AC4LGN_16315																																																																																																																																																					
OG0010331																																																									WP_289361859.1																																																																																																		
OG0010332																																																																																																				WP_162939924.1																																																							
OG0010333																																																																																																																																												WP_240585222.1															
OG0010334																																							WP_048256638.1																																																																																																																				
OG0010335																																																																																																																																																										WP_005967206.1	
OG0010336																																									WP_040031544.1																																																																																																																		
OG0010337																																							WP_446730112.1																																																																																																																				
OG0010338					WP_261849414.1																																																																																																																																																						
OG0010339																																																																																																																		WP_230241991.1																																									
OG0010340																																		GT391_RS03455																																																																																																																									
OG0010341																																																					WP_133169846.1																																																																																																						
OG0010342																																																																																																				WP_232487470.1																																																							
OG0010343																																																											WP_010284196.1																																																																																																
OG0010344																																																																																																																WP_198481615.1																																											
OG0010345																																								WP_379059310.1																																																																																																																			
OG0010346																																																																																																WP_161545395.1																																																											
OG0010347																																																												WP_106389040.1																																																																																															
OG0010348																																																																																																																						WP_262983977.1																																					
OG0010349																																																																																																																					WP_024262786.1																																						
OG0010350						AC4LGN_16920																																																																																																																																																					
OG0010351																																																																																																																							WP_205557946.1																																				
OG0010352																																							WP_039283618.1																																																																																																																				
OG0010353																																																																																																																																	WP_106389040.1																										
OG0010354																																																																WP_406640193.1																																																																																											
OG0010355																																																																																																																																																WP_323659047.1											
OG0010356																																																									WP_289361857.1																																																																																																		
OG0010357																																																																																																																																										WP_263058616.1																	
OG0010358																																		GT391_RS10025																																																																																																																									
OG0010359																																																																																																																										WP_224072567.1																																	
OG0010360																																																																																																																WP_198481696.1																																											
OG0010361																																																																																																																																																						AC4LGM_06715					
OG0010362																																																																																																															WP_014701001.1																																												
OG0010363																																											WP_100017260.1																																																																																																																
OG0010364																																																					WP_107168173.1																																																																																																						
OG0010365																																																																	WP_406642890.1																																																																																										
OG0010366																																																																																																																																																		WP_188246752.1									
OG0010367																																																									WP_191923814.1																																																																																																		
OG0010368																											WP_106389040.1																																																																																																																																
OG0010369																																																																																																																																														WP_223878568.1													
OG0010370																																																																																																				WP_121268788.1																																																							
OG0010371																																																																																																																	WP_012822410.1																																										
OG0010372																																																																																																																																																								WP_064799852.1			
OG0010373																																																																																																																			WP_109463627.1																																								
OG0010374																																																																																																																																																					WP_405077631.1						
OG0010375																																																																																																																																				WP_107168512.1																							
OG0010376																																																																																																																																													WP_206428385.1														
OG0010377				WP_116164370.1																																																																																																																																																							
OG0010378																																																																																																															WP_014699307.1																																												
OG0010379																																																																																																																																																					WP_405077683.1						
OG0010380																																																																								WP_264041488.1																																																																																			
OG0010381																																																																																														WP_161529434.1																																																													
OG0010382																																																																																																																																WP_010298854.1																											
OG0010383																																																			WP_104212135.1																																																																																																								
OG0010384																																																										WP_483280907.1																																																																																																	
OG0010385									WP_106389040.1																																																																																																																																																		
OG0010386																																																														WP_434998511.1																																																																																													
OG0010387		WP_275070617.1																																																																																																																																																									
OG0010388																																																												WP_080163398.1																																																																																															
OG0010389																																																																																																																																															WP_130621449.1												
OG0010390																																																				WP_240346101.1																																																																																																							
OG0010391																																																																																																																																																				WP_134182617.1							
OG0010392																																																																																																				WP_121268632.1																																																							
OG0010393																																																															WP_203450338.1																																																																																												
OG0010394																																																																																																																																																				WP_119881051.1							
OG0010395																															ECA_RS14285																																																																																																																												
OG0010396																																		GT391_RS01755																																																																																																																									
OG0010397																																																																																																																																																											WP_277950130.1
OG0010398																																																																																																																													WP_374213729.1																														
OG0010399																																																																																																																			WP_161546639.1																																								
OG0010400																											WP_100675197.1																																																																																																																																
OG0010401																																																																																																																																																WP_323661058.1											
OG0010402	WP_490323211.1																																																																																																																																																										
OG0010403																																																																																																										WP_162940881.1																																																	
OG0010404			WP_116186270.1																																																																																																																																																								
OG0010405																																																																																																																																						WP_193401073.1																					
OG0010406																																																										WP_180777417.1																																																																																																	
OG0010407																																																					WP_012822411.1																																																																																																						
OG0010408																																																																																																																														WP_137741126.1																													
OG0010409																																																																																		WP_161502715.1																																																																									
OG0010410																																																																																																																										WP_111778818.1																																	
OG0010411																																																																																																															WP_014701054.1																																												
OG0010412																																																														WP_164671854.1																																																																																													
OG0010413																																																																																																																															WP_323666289.1																												
OG0010414																																																																																																																																																		WP_341462198.1									
OG0010415																																																																																										WP_225085922.1																																																																	
OG0010416																																																													WP_227528143.1																																																																																														
OG0010417																																																																																												WP_431888762.1																																																															
OG0010418																																																																																							WP_249686862.1																																																																				
OG0010419																																																																																																WP_063527361.1																																																											
OG0010420																																																																																																																																									WP_271875690.1																		
OG0010421																													WP_215216177.1																																																																																																																														
OG0010422																																																																																																				WP_121268716.1																																																							
OG0010423																																																																																																																																		WP_010298854.1																									
OG0010424																																																																																																																														WP_137740512.1																													
OG0010425																																																																																																WP_011788458.1																																																											
OG0010426																																																																																																																									WP_095699334.1																																		
OG0010427																																																			WP_205591546.1																																																																																																								
OG0010428	WP_490323294.1																																																																																																																																																										
OG0010429																	WP_258876319.1																																																																																																																																										
OG0010430																																			WP_040031817.1																																																																																																																								
OG0010431																																																																																																																																																											WP_395302996.1
OG0010432																																								WP_379060258.1																																																																																																																			
OG0010433																																																																																																																														WP_395303246.1																													
OG0010434																																																																																														WP_161530498.1																																																													
OG0010435																																																																																																																																													WP_125233377.1														
OG0010436																																																																																																																																						WP_193398459.1																					
OG0010437											WP_225181372.1																																																																																																																																																
OG0010438																																														WP_106389040.1																																																																																																													
OG0010439																																																									WP_289361714.1																																																																																																		
OG0010440																	WP_181828971.1																																																																																																																																										
OG0010441						AC4LGN_13885																																																																																																																																																					
OG0010442																																																																	WP_406640849.1																																																																																										
OG0010443																																																																																																																																																		WP_165707463.1									
OG0010444																																																														WP_434998239.1																																																																																													
OG0010445																																																									WP_289362144.1																																																																																																		
OG0010446																																																																																																																																																									WP_226305930.1		
OG0010447																																																												WP_039309297.1																																																																																															
OG0010448																																																																																																																											WP_109412318.1																																
OG0010449						AC4LGN_03760																																																																																																																																																					
OG0010450																																			WP_249653328.1																																																																																																																								
OG0010451																																																																																																																																																	WP_212769089.1										
OG0010452					WP_261849862.1																																																																																																																																																						
OG0010453																																																																																		WP_161502339.1																																																																									
OG0010454																																																																																														WP_208851958.1																																																													
OG0010455																																					WP_075278562.1																																																																																																																						
OG0010456				WP_125176145.1																																																																																																																																																							
OG0010457																																																																															HER17_RS13605																																																																												
OG0010458																																																																																	WP_048329387.1																																																																										
OG0010459																																																																																																																																																						AC4LGM_00790					
OG0010460					WP_261846777.1																																																																																																																																																						
OG0010461																																										WP_426596135.1																																																																																																																	
OG0010462																																			WP_268197484.1																																																																																																																								
OG0010463																																																																																														WP_161528798.1																																																													
OG0010464																																																																																																																																														WP_223878607.1													
OG0010465																																																																																																															WP_187288976.1																																												
OG0010466																																																																																																																															WP_323667082.1																												
OG0010467																																																																										WP_072041017.1																																																																																	
OG0010468																																																																																																																																																										WP_005967146.1	
OG0010469																																																											WP_225582403.1																																																																																																
OG0010470																																																																																														WP_161528221.1																																																													
OG0010471																																																																																																																												WP_323640930.1																															
OG0010472																																																																																																				WP_039468625.1																																																							
OG0010473																																AC4LGO_18235																																																																																																																											
OG0010474																																																										WP_483279912.1																																																																																																	
OG0010475																																											WP_100017252.1																																																																																																																
OG0010476																																																																																																																				WP_489358064.1																																							
OG0010477																																	WP_106389040.1																																																																																																																										
OG0010478																																															WP_240351849.1																																																																																																												
OG0010479																																																																																														WP_161529082.1																																																													
OG0010480																												WP_490326080.1																																																																																																																															
OG0010481																																																																																						WP_267237963.1																																																																					
OG0010482																																																														WP_434998236.1																																																																																													
OG0010483																																																																																																WP_161545423.1																																																											
OG0010484																																																																																																																																															WP_130621413.1												
OG0010485																																																																																																																																										WP_263057647.1																	
OG0010486																																																									WP_039309175.1																																																																																																		
OG0010487																																					WP_039503070.1																																																																																																																						
OG0010488																																																																																																																										WP_224073484.1																																	
OG0010489																																																																																																WP_161545441.1																																																											
OG0010490																																																					WP_103157529.1																																																																																																						
OG0010491																			WP_106389040.1																																																																																																																																								
OG0010492																																						WP_181844403.1																																																																																																																					
OG0010493																																																																																																																																						WP_193401029.1																					
OG0010494																																																																																																																												WP_490307294.1																															
OG0010495																																																																																		WP_161502991.1																																																																									
OG0010496																																																																																																																									WP_095699782.1																																		
OG0010497																	WP_181828544.1																																																																																																																																										
OG0010498							WP_106389040.1																																																																																																																																																				
OG0010499																																																																																																																																																										WP_152413528.1	
OG0010500																																																																																WP_082167031.1																																																																											
OG0010501																																																																																																																															WP_205534866.1																												
OG0010502																																																																																																																																WP_489290319.1																											
OG0010503																																																																																																																															WP_323666241.1																												
OG0010504																																																																																																																			WP_483428594.1																																								
OG0010505																																																																	WP_406641893.1																																																																																										
OG0010506																																																																						WP_226509920.1																																																																																					
OG0010507																																																																																																																									WP_438268778.1																																		
OG0010508		WP_139338663.1																																																																																																																																																									
OG0010509																																																																																														WP_161530475.1																																																													
OG0010510																																																																																										WP_225087603.1																																																																	
OG0010511											WP_225181244.1																																																																																																																																																
OG0010512																																																																																																																																										WP_263057889.1																	
OG0010513																																																																																																																												WP_323639997.1																															
OG0010514																																																																																																															WP_014699313.1																																												
OG0010515																																																																																																																															WP_323665719.1																												
OG0010516																																																																																																																																															WP_130621610.1												
OG0010517					WP_261848931.1																																																																																																																																																						
OG0010518																																																																																																																																					WP_226373465.1																						
OG0010519																																																																																														WP_161529091.1																																																													
OG0010520																																																																																																																										WP_039485998.1																																	
OG0010521																																																					WP_012822379.1																																																																																																						
OG0010522																																																																																																																																										WP_263059199.1																	
OG0010523																																			WP_268197302.1																																																																																																																								
OG0010524				WP_116163616.1																																																																																																																																																							
OG0010525																													WP_215216118.1																																																																																																																														
OG0010526																																																																										WP_014913795.1																																																																																	
OG0010527																																																																																																																																									WP_271873020.1																		
OG0010528																																																																																																																																				WP_107167755.1																							
OG0010529																						WP_106389040.1																																																																																																																																					
OG0010530																																																																																																																																			WP_336877512.1																								
OG0010531																																																																																																																													WP_258882420.1																														
OG0010532			WP_116186561.1																																																																																																																																																								
OG0010533																																																																																														WP_161529435.1																																																													
OG0010534																									WP_300993061.1																																																																																																																																		
OG0010535																																																																																																																			WP_425353145.1																																								
OG0010536																																																																															HER17_RS21850																																																																												
OG0010537																																																										WP_043898769.1																																																																																																	
OG0010538				WP_116164731.1																																																																																																																																																							
OG0010539				WP_103162619.1																																																																																																																																																							
OG0010540																																																																																																																																				WP_107168053.1																							
OG0010541		WP_275071853.1																																																																																																																																																									
OG0010542																																																																																																		WP_127088042.1																																																									
OG0010543																																																																																																															WP_043898773.1																																												
OG0010544											WP_225181229.1																																																																																																																																																
OG0010545																																																																																														WP_161528558.1																																																													
OG0010546																																																			WP_205591861.1																																																																																																								
OG0010547												WP_369987630.1																																																																																																																																															
OG0010548																																																																																						WP_194431197.1																																																																					
OG0010549																																																			WP_015730187.1																																																																																																								
OG0010550					WP_044205422.1																																																																																																																																																						
OG0010551																																																																																																WP_161545419.1																																																											
OG0010552																																																																																																																																												WP_240584854.1															
OG0010553																																																																																																																								WP_264372099.1																																			
OG0010554																																																																																																																																																									WP_226305928.1		
OG0010555																																																																											WP_106389040.1																																																																																
OG0010556																																																																																																																			WP_161546780.1																																								
OG0010557																																																																																			WP_161508719.1																																																																								
OG0010558																																																																													WP_261866993.1																																																																														
OG0010559																																																																																																								WP_121313268.1																																																			
OG0010560																																		GT391_RS06145																																																																																																																									
OG0010561																									WP_300998000.1																																																																																																																																		
OG0010562																																																					WP_109491857.1																																																																																																						
OG0010563																																																																																																																			WP_161546798.1																																								
OG0010564																																									WP_339098814.1																																																																																																																		
OG0010565																																AC4LGO_19195																																																																																																																											
OG0010566																																																																					WP_231051623.1																																																																																						
OG0010567					WP_261848519.1																																																																																																																																																						
OG0010568																																																																																																																				WP_489358197.1																																							
OG0010569																																											WP_050881858.1																																																																																																																
OG0010570												WP_349855284.1																																																																																																																																															
OG0010571																																																																																																										WP_162940877.1																																																	
OG0010572																																																																																																																																WP_400371787.1																											
OG0010573																																																																																																																																																				WP_405081187.1							
OG0010574																																																																																																																							WP_323636655.1																																				
OG0010575																																																									WP_289362022.1																																																																																																		
OG0010576																																																										WP_203448577.1																																																																																																	
OG0010577																																																																																																																																								WP_106389040.1																			
OG0010578																																																																																																																																																										WP_005975809.1	
OG0010579																																							WP_446730114.1																																																																																																																				
OG0010580																								WP_350316218.1																																																																																																																																			
OG0010581																																																																																																																WP_119158308.1																																											
OG0010582																																																																																																																															WP_323666355.1																												
OG0010583																																																																																																																																																					WP_127030837.1						
OG0010584																																																																																																																										WP_263426046.1																																	
OG0010585																																																																																																																													WP_258882593.1																														
OG0010586																																											WP_100017535.1																																																																																																																
OG0010587																																																													WP_227528123.1																																																																																														
OG0010588																																																																																													WP_483347523.1																																																														
OG0010589																																																												WP_167375497.1																																																																																															
OG0010590																																																																						WP_226509930.1																																																																																					
OG0010591																																																																																										WP_225087015.1																																																																	
OG0010592																																											WP_157765226.1																																																																																																																
OG0010593																																																																																																		WP_111778730.1																																																									
OG0010594																																									WP_339098059.1																																																																																																																		
OG0010595																																																																																																																																														WP_107332667.1													
OG0010596																																																																																																																																																										WP_005976452.1	
OG0010597																																																																																														WP_161529096.1																																																													
OG0010598																																																																																																																																																				WP_405080732.1							
OG0010599																																																																																																WP_025610728.1																																																											
OG0010600					WP_261848489.1																																																																																																																																																						
OG0010601																																																									WP_289362012.1																																																																																																		
OG0010602																																			WP_141210022.1																																																																																																																								
OG0010603																																																																																																																							WP_323636501.1																																				
OG0010604																																										WP_426596273.1																																																																																																																	
OG0010605																																																																																																																																																										WP_005973865.1	
OG0010606																																																																																																																			WP_161546564.1																																								
OG0010607												WP_349856164.1																																																																																																																																															
OG0010608																																																																																																																																					WP_010282462.1																						
OG0010609																																																																																										WP_225085921.1																																																																	
OG0010610																																																													WP_227528226.1																																																																																														
OG0010611																																																															WP_203449446.1																																																																																												
OG0010612																																																																																																																																																						AC4LGM_21980					
OG0010613																																																																																																		WP_127088027.1																																																									
OG0010614																																																											WP_225582605.1																																																																																																
OG0010615	WP_490323462.1																																																																																																																																																										
OG0010616																																										WP_040033823.1																																																																																																																	
OG0010617		WP_275071202.1																																																																																																																																																									
OG0010618																																																																																					WP_014914540.1																																																																						
OG0010619																									WP_106389040.1																																																																																																																																		
OG0010620																																																																																																																																					WP_106389040.1																						
OG0010621												WP_349855385.1																																																																																																																																															
OG0010622																																																																														WP_406628186.1																																																																													
OG0010623																																																																															HER17_RS20125																																																																												
OG0010624																																													WP_488471374.1																																																																																																														
OG0010625																																																																							WP_323642124.1																																																																																				
OG0010626																																																																																																																																																					WP_405077781.1						
OG0010627																																												WP_106389040.1																																																																																																															
OG0010628																																																																																																																		WP_230242347.1																																									
OG0010629																																																																															HER17_RS16700																																																																												
OG0010630																																																																																																																																														WP_042079588.1													
OG0010631																																																																																																													WP_203448559.1																																														
OG0010632																																																																																																															WP_014699306.1																																												
OG0010633																																					WP_075278018.1																																																																																																																						
OG0010634																																																																			WP_106389040.1																																																																																								
OG0010635																																											WP_226302438.1																																																																																																																
OG0010636																																																																																																																																																										WP_005974588.1	
OG0010637																																																																																																																						WP_113631713.1																																					
OG0010638																																																																												WP_072041017.1																																																																															
OG0010639																																																																																																																							WP_323636000.1																																				
OG0010640																																																																																																																		WP_116586401.1																																									
OG0010641																																																																																																																																																	WP_212769082.1										
OG0010642																																													WP_488471375.1																																																																																																														
OG0010643																																																											WP_225584554.1																																																																																																
OG0010644																																																																																																																			WP_116164818.1																																								
OG0010645																																																																																																																																							WP_180742017.1																				
OG0010646																																																																																							WP_039498938.1																																																																				
OG0010647																																																										WP_483280088.1																																																																																																	
OG0010648																																																																																																																																																						AC4LGM_15610					
OG0010649																																																																																																																																												WP_240583434.1															
OG0010650			WP_116156177.1																																																																																																																																																								
OG0010651																																																																																																																																														WP_223878638.1													
OG0010652																																																																																																																																																										WP_005972578.1	
OG0010653																															ECA_RS08105																																																																																																																												
OG0010654																																																												WP_080163402.1																																																																																															
OG0010655																																																																																WP_203470966.1																																																																											
OG0010656																																																																																																																																																											WP_242506258.1
OG0010657																																																																																																																																									WP_271874488.1																		
OG0010658																																																										WP_483280789.1																																																																																																	
OG0010659					WP_338659343.1																																																																																																																																																						
OG0010660																																																																																																																																															WP_130621445.1												
OG0010661																																																																																																																																																		WP_242934991.1									
OG0010662																									WP_300997804.1																																																																																																																																		
OG0010663																																																																														WP_040043516.1																																																																													
OG0010664																																																																																																																																												WP_205551300.1															
OG0010665																																																																																							WP_039498913.1																																																																				
OG0010666																																																																																																WP_237613331.1																																																											
OG0010667																																																																																																																																			WP_489262580.1																								
OG0010668																																																	WP_411561322.1																																																																																																										
OG0010669																																																																																																																																																			WP_196387976.1								
OG0010670																																																																																																			WP_162940852.1																																																								
OG0010671					WP_261849568.1																																																																																																																																																						
OG0010672																																																																																																				WP_015730187.1																																																							
OG0010673																																										WP_426596066.1																																																																																																																	
OG0010674																																																																																																WP_001228924.1																																																											
OG0010675																																																																																														WP_161528957.1																																																													
OG0010676																																																																																																																																			WP_255764362.1																								
OG0010677																																																																																																																																																											WP_129703262.1
OG0010678																																												WP_119880584.1																																																																																																															
OG0010679																																																																																																WP_456043798.1																																																											
OG0010680																																																																																																				WP_232427890.1																																																							
OG0010681																																																																																																	WP_033070868.1																																																										
OG0010682																																																																																																		WP_127088018.1																																																									
OG0010683																																																																																																																																							WP_437216797.1																				
OG0010684																																		GT391_RS15150																																																																																																																									
OG0010685																																																																																																																																																		WP_130640599.1									
OG0010686																																																																																																										WP_232427890.1																																																	
OG0010687																																		GT391_RS02760																																																																																																																									
OG0010688																																																																																																																	WP_332306456.1																																										
OG0010689																																																																																																																																						WP_264177015.1																					
OG0010690																																																										WP_483280440.1																																																																																																	
OG0010691																																		GT391_RS07585																																																																																																																									
OG0010692																																				WP_165576480.1																																																																																																																							
OG0010693																																																																																																					WP_276128911.1																																																						
OG0010694												WP_349855670.1																																																																																																																																															
OG0010695																																																																																																																																																										WP_005975791.1	
OG0010696																																																																																																																						WP_113633130.1																																					
OG0010697																																																																																																																																										WP_263059195.1																	
OG0010698																																				WP_463256447.1																																																																																																																							
OG0010699																																																																																																																																									WP_271875939.1																		
OG0010700				WP_116164368.1																																																																																																																																																							
OG0010701																																									WP_422395207.1																																																																																																																		
OG0010702																																																										WP_483280045.1																																																																																																	
OG0010703																																																																																																																																			WP_489261797.1																								
OG0010704																																																																																																																																																										WP_005972248.1	
OG0010705																																																																																																						WP_121326994.1																																																					
OG0010706																																																																																																																																										WP_024108548.1																	
OG0010707																																																																																										WP_225088004.1																																																																	
OG0010708																	WP_181828904.1																																																																																																																																										
OG0010709																																																																																																																																																										WP_005971406.1	
OG0010710																																																																																																																																										WP_263059512.1																	
OG0010711																																								WP_379057351.1																																																																																																																			
OG0010712																																AC4LGO_12450																																																																																																																											
OG0010713																																																																																																																																																WP_106389040.1											
OG0010714																																																																																															WP_198338167.1																																																												
OG0010715																																											WP_100017268.1																																																																																																																
OG0010716																																																			WP_205591296.1																																																																																																								
OG0010717																																																																																														WP_161528569.1																																																													
OG0010718																																																																																																WP_161546362.1																																																											
OG0010719																																									WP_339096845.1																																																																																																																		
OG0010720																																																																																																															WP_228377248.1																																												
OG0010721																																																																																																																											WP_064547742.1																																
OG0010722																																																																																																																																																											WP_129704046.1
OG0010723																																																																																																															WP_014700995.1																																												
OG0010724																																																																																																		WP_127087874.1																																																									
OG0010725																																																																																																																																												WP_029729596.1															
OG0010726																																																																																																			WP_121264883.1																																																								
OG0010727																																																																																																																																																			WP_103972100.1								
OG0010728																																											WP_100017273.1																																																																																																																
OG0010729																																																																																																																									WP_095701414.1																																		
OG0010730																																																	WP_012822402.1																																																																																																										
OG0010731												WP_349856786.1																																																																																																																																															
OG0010732																														WP_043135130.1																																																																																																																													
OG0010733																																																																																																																																																											WP_395303091.1
OG0010734																																																																																																WP_161545430.1																																																											
OG0010735				WP_106389040.1																																																																																																																																																							
OG0010736																																																															WP_010299606.1																																																																																												
OG0010737																																																																																																															WP_014699312.1																																												
OG0010738																																																																																																																																																							WP_119158672.1				
OG0010739		WP_275070597.1																																																																																																																																																									
OG0010740																																																																																																															WP_014700002.1																																												
OG0010741																																																										WP_203448576.1																																																																																																	
OG0010742																																																																																														WP_161529102.1																																																													
OG0010743																																																																																															WP_106389040.1																																																												
OG0010744																																																																						WP_180783535.1																																																																																					
OG0010745																																																																																																																										WP_224073607.1																																	
OG0010746																																																																																											WP_350238937.1																																																																
OG0010747																																									WP_040043690.1																																																																																																																		
OG0010748																																																																																																WP_161545412.1																																																											
OG0010749																																																																																																																																					WP_193407129.1																						
OG0010750															WP_106389040.1																																																																																																																																												
OG0010751																																																				WP_106389040.1																																																																																																							
OG0010752																																				WP_205535166.1																																																																																																																							
OG0010753																																																																																																																																												WP_240584306.1															
OG0010754																																																																					WP_119881921.1																																																																																						
OG0010755																																																																																			WP_106389040.1																																																																								
OG0010756																																																																																																				WP_121268822.1																																																							
OG0010757																																																																																																																																																				WP_405080846.1							
OG0010758																																																												WP_240559205.1																																																																																															
OG0010759																																																																																																		WP_127087886.1																																																									
OG0010760																																																																																																																																				WP_107168565.1																							
OG0010761																																																																																																				WP_096756554.1																																																							
OG0010762																																													WP_261865751.1																																																																																																														
OG0010763																																																						WP_205547383.1																																																																																																					
OG0010764				WP_103941301.1																																																																																																																																																							
OG0010765																																																																																														WP_161529436.1																																																													
OG0010766																																																																																																																																																								WP_225586237.1			
OG0010767																																																																																																																																																				WP_405082128.1							
OG0010768																										WP_040118356.1																																																																																																																																	
OG0010769																																		GT391_RS12260																																																																																																																									
OG0010770																WP_106389040.1																																																																																																																																											
OG0010771																																																																																															WP_490324259.1																																																												
OG0010772																																																					WP_102118329.1																																																																																																						
OG0010773																																											WP_100017051.1																																																																																																																
OG0010774																																																																																																																								WP_095995166.1																																			
OG0010775																																																																																																																								WP_095994606.1																																			
OG0010776																																								WP_275957709.1																																																																																																																			
OG0010777																																					WP_106389040.1																																																																																																																						
OG0010778						AC4LGN_04680																																																																																																																																																					
OG0010779																																																																																																																								WP_095995187.1																																			
OG0010780																																																																																																																		WP_039514233.1																																									
OG0010781																																																																																																				WP_121268848.1																																																							
OG0010782																																											WP_100016855.1																																																																																																																
OG0010783																																																																																																																																																				WP_147306333.1							
OG0010784				WP_116164501.1																																																																																																																																																							
OG0010785																																																																																																																															WP_323665485.1																												
OG0010786																																																																																																																		WP_230242379.1																																									
OG0010787																																																																																																																																																									WP_226305971.1		
OG0010788																																																																																																																																																									WP_120358599.1		
OG0010789																																																																																																																							WP_205565815.1																																				
OG0010790																																																																																																																																																									WP_226305898.1		
OG0010791																																																																																																																																									WP_271877216.1																		
OG0010792																																																									WP_289363086.1																																																																																																		
OG0010793																																																																																																																			WP_202902046.1																																								
OG0010794																																																																																																																																												WP_240583534.1															
OG0010795																																																																																																																													WP_258884811.1																														
OG0010796																																																																																																																																																									WP_130639386.1		
OG0010797																																																																																																										WP_121265076.1																																																	
OG0010798				WP_167469152.1																																																																																																																																																							
OG0010799																																																																																																																																																								WP_263866866.1			
OG0010800																																																																																														WP_161528572.1																																																													
OG0010801																																												WP_411559180.1																																																																																																															
OG0010802																																																																										WP_405083280.1																																																																																	
OG0010803																																																																																																																																																											WP_129705777.1
OG0010804																																																																																																																																																WP_323660495.1											
OG0010805																																																																																																																		WP_488656302.1																																									
OG0010806	WP_490323527.1																																																																																																																																																										
OG0010807																																																																																																																																												WP_240583432.1															
OG0010808																																																																																																																																			WP_489262130.1																								
OG0010809																																				WP_463256792.1																																																																																																																							
OG0010810											WP_225182148.1																																																																																																																																																
OG0010811																																																									WP_289363981.1																																																																																																		
OG0010812																								WP_350316066.1																																																																																																																																			
OG0010813																																																																																																																				WP_489358696.1																																							
OG0010814																																																																																																																								WP_227003566.1																																			
OG0010815																																																									WP_289361844.1																																																																																																		
OG0010816																																																																																																																			WP_116164806.1																																								
OG0010817																																																																																														WP_161529795.1																																																													
OG0010818																									WP_300997777.1																																																																																																																																		
OG0010819																									WP_038918492.1																																																																																																																																		
OG0010820																																																																																																																								WP_095995191.1																																			
OG0010821																																																																																																																																										WP_263058369.1																	
OG0010822	WP_445324604.1																																																																																																																																																										
OG0010823																																																																																																																					WP_131547303.1																																						
OG0010824				WP_116162683.1																																																																																																																																																							
OG0010825												WP_349856784.1																																																																																																																																															
OG0010826																																																				WP_155276618.1																																																																																																							
OG0010827																																																									WP_434547526.1																																																																																																		
OG0010828																																																																																					WP_014916507.1																																																																						
OG0010829					WP_261848074.1																																																																																																																																																						
OG0010830																																																																																										WP_225087614.1																																																																	
OG0010831																																																																																																															WP_014699297.1																																												
OG0010832																																																				WP_205590929.1																																																																																																							
OG0010833																																																																																																																										WP_049646449.1																																	
OG0010834																								WP_350316219.1																																																																																																																																			
OG0010835					WP_338659546.1																																																																																																																																																						
OG0010836																																																																																																																													WP_258882430.1																														
OG0010837																												WP_490326073.1																																																																																																																															
OG0010838												WP_182100773.1																																																																																																																																															
OG0010839																																																									WP_289362327.1																																																																																																		
OG0010840																																																										WP_400377345.1																																																																																																	
OG0010841																																																																																																																																														WP_039275341.1													
OG0010842																																																																																																																		WP_230242749.1																																									
OG0010843																																												WP_205532419.1																																																																																																															
OG0010844																																		GT391_RS01835																																																																																																																									
OG0010845																																																																																							WP_072012994.1																																																																				
OG0010846																																																														WP_434998507.1																																																																																													
OG0010847																																																																															HER17_RS05240																																																																												
OG0010848																																																																																																																																																WP_323660467.1											
OG0010849																																																									WP_289364007.1																																																																																																		
OG0010850																																																																																														WP_161529083.1																																																													
OG0010851																																																																																																																														WP_167494475.1																													
OG0010852																																																																																																WP_161545928.1																																																											
OG0010853																																																																																																WP_024015929.1																																																											
OG0010854					WP_261848639.1																																																																																																																																																						
OG0010855																																																																																																																				WP_165707383.1																																							
OG0010856																																																																																																																																										WP_263059159.1																	
OG0010857																																																																																						WP_228483921.1																																																																					
OG0010858				WP_167469148.1																																																																																																																																																							
OG0010859																																																																																																																																																		WP_223193400.1									
OG0010860																																																																																											WP_225088080.1																																																																
OG0010861																																																																																																																																																				WP_405081584.1							
OG0010862																																																																																																																																																				WP_012772867.1							
OG0010863																																																																																																																																																										WP_005967034.1	
OG0010864																														WP_051623297.1																																																																																																																													
OG0010865																																																																																																																																			WP_489262212.1																								
OG0010866																																																											WP_225583070.1																																																																																																
OG0010867																																																												WP_155121798.1																																																																																															
OG0010868																																		GT391_RS01900																																																																																																																									
OG0010869																																																																																																																																				WP_107169264.1																							
OG0010870																																						WP_205545374.1																																																																																																																					
OG0010871																																																										WP_025920348.1																																																																																																	
OG0010872																																																																																														WP_161529681.1																																																													
OG0010873																																									WP_339097377.1																																																																																																																		
OG0010874																																																					WP_012822447.1																																																																																																						
OG0010875																																																																																							WP_039531781.1																																																																				
OG0010876				WP_116163938.1																																																																																																																																																							
OG0010877																																																																																																																																																		WP_188247233.1									
OG0010878																																																																																																																												WP_323638803.1																															
OG0010879																										WP_039294219.1																																																																																																																																	
OG0010880																																																									WP_289364035.1																																																																																																		
OG0010881																																																																								WP_264041436.1																																																																																			
OG0010882																																																																											WP_014913795.1																																																																																
OG0010883																																																																																																																																																											WP_129704070.1
OG0010884																																																																																																																																														WP_107332619.1													
OG0010885			WP_109225444.1																																																																																																																																																								
OG0010886																																																																																																																			WP_161546672.1																																								
OG0010887																																																																																																WP_011788456.1																																																											
OG0010888																																																																																											WP_192990516.1																																																																
OG0010889																																					WP_039503063.1																																																																																																																						
OG0010890																																																																																																									WP_106389040.1																																																		
OG0010891																																																						WP_205557378.1																																																																																																					
OG0010892																																																																																																																							WP_039498197.1																																				
OG0010893																																																																																			WP_080163278.1																																																																								
OG0010894																																																																																																																			WP_161546651.1																																								
OG0010895																																																																								WP_264043251.1																																																																																			
OG0010896																																																																																																																														WP_395303257.1																													
OG0010897																																																																																																		WP_127088053.1																																																									
OG0010898																									WP_300997911.1																																																																																																																																		
OG0010899																																			WP_039325644.1																																																																																																																								
OG0010900																																																																																																																																																WP_323612689.1											
OG0010901																																																																													WP_464625816.1																																																																														
OG0010902																																																											WP_225584626.1																																																																																																
OG0010903																																																																																																																																																		WP_423241748.1									
OG0010904																																																																																																																																																											WP_395303021.1
OG0010905																																																																																														WP_161529092.1																																																													
OG0010906																																																																																																																										WP_224072728.1																																	
OG0010907																																																																																																															WP_014699319.1																																												
OG0010908																																																																																																																																									WP_271874714.1																		
OG0010909																										WP_223240927.1																																																																																																																																	
OG0010910																																																																																																																																														WP_125226387.1													
OG0010911																																																																																										WP_225087601.1																																																																	
OG0010912																																																																																							WP_131548461.1																																																																				
OG0010913																																																												WP_164669121.1																																																																																															
OG0010914					WP_261849302.1																																																																																																																																																						
OG0010915																																																																																																																																																									WP_226306382.1		
OG0010916																																																																						WP_138255388.1																																																																																					
OG0010917																																																																																																																																						WP_264177029.1																					
OG0010918																																																																																		WP_010308238.1																																																																									
OG0010919																																																												WP_080163303.1																																																																																															
OG0010920																																				WP_106389040.1																																																																																																																							
OG0010921																																																																																																																																									WP_271874835.1																		
OG0010922																																							WP_446730525.1																																																																																																																				
OG0010923																																																											WP_225584561.1																																																																																																
OG0010924		WP_275071837.1																																																																																																																																																									
OG0010925																																																																	WP_406642336.1																																																																																										
OG0010926																																																																																																																																			WP_489262578.1																								
OG0010927																																																																																																																	WP_015730111.1																																										
OG0010928																									WP_300997242.1																																																																																																																																		
OG0010929																																																																																																																																						WP_193401082.1																					
OG0010930																																																																																																																																												WP_305852627.1															
OG0010931																																																																					WP_039546109.1																																																																																						
OG0010932																																				WP_463256761.1																																																																																																																							
OG0010933																																																																																																																						WP_113631714.1																																					
OG0010934																																																																																																																																									WP_271874944.1																		
OG0010935																																																																																																																																							WP_437215970.1																				
OG0010936																																								WP_379058626.1																																																																																																																			
OG0010937																																																																																																																																										WP_012772867.1																	
OG0010938																																																																																																																																																							WP_198673516.1				
OG0010939				WP_116164126.1																																																																																																																																																							
OG0010940																																																																																					WP_014915202.1																																																																						
OG0010941																																										WP_040035975.1																																																																																																																	
OG0010942																																																																																																																																																										WP_005968298.1	
OG0010943																																																																																																										WP_232487470.1																																																	
OG0010944																																									WP_339097132.1																																																																																																																		
OG0010945					WP_039353631.1																																																																																																																																																						
OG0010946																																																																																																		WP_232830238.1																																																									
OG0010947					WP_261848059.1																																																																																																																																																						
OG0010948					WP_261848581.1																																																																																																																																																						
OG0010949																																																																																																																		WP_103199489.1																																									
OG0010950																																																																																					WP_043901870.1																																																																						
OG0010951																																		GT391_RS01750																																																																																																																									
OG0010952																																																																																																																																																		WP_180744943.1									
OG0010953																																																																																																															WP_014700081.1																																												
OG0010954																																																																						WP_226509794.1																																																																																					
OG0010955																																		GT391_RS06265																																																																																																																									
OG0010956																																																																																																																															WP_323666702.1																												
OG0010957									WP_350326494.1																																																																																																																																																		
OG0010958	WP_039363595.1																																																																																																																																																										
OG0010959											WP_225182173.1																																																																																																																																																
OG0010960																																																																																																																												WP_323641047.1																															
OG0010961																																			WP_268197300.1																																																																																																																								
OG0010962																																																																																																																																																											WP_165708526.1
OG0010963																																																																																WP_106389040.1																																																																											
OG0010964																																		GT391_RS20895																																																																																																																									
OG0010965																																																									WP_103184576.1																																																																																																		
OG0010966																																																																																																																																									WP_271873015.1																		
OG0010967						AC4LGN_03850																																																																																																																																																					
OG0010968																																																																																																																																																											WP_129702729.1
OG0010969																																																																																																																																																		WP_242934909.1									
OG0010970																																																																																																																WP_198481635.1																																											
OG0010971																												WP_182260414.1																																																																																																																															
OG0010972																																			WP_268198614.1																																																																																																																								
OG0010973		WP_275071193.1																																																																																																																																																									
OG0010974					WP_338659531.1																																																																																																																																																						
OG0010975																																																																																																																																																		WP_278312338.1									
OG0010976																																									WP_339098659.1																																																																																																																		
OG0010977																																																																																																																										WP_224072603.1																																	
OG0010978																																																																																WP_420488717.1																																																																											
OG0010979																																																																																																																																														WP_107332782.1													
OG0010980																																																																																													WP_483346089.1																																																														
OG0010981																																																																																														WP_161529093.1																																																													
OG0010982																																						WP_205545380.1																																																																																																																					
OG0010983																																																																																														WP_167521823.1																																																													
OG0010984	WP_239006862.1																																																																																																																																																										
OG0010985																																																																																																																																																									WP_226306309.1		
OG0010986																																																																																																																																										WP_263059505.1																	
OG0010987																																																																																																																																		WP_039318104.1																									
OG0010988																																																																																																																															WP_323667153.1																												
OG0010989																																		GT391_RS15180																																																																																																																									
OG0010990																																AC4LGO_06030																																																																																																																											
OG0010991																																																																																																																																																								WP_225586098.1			
OG0010992																																																																																																																			WP_039480128.1																																								
OG0010993																																																											WP_011094288.1																																																																																																
OG0010994																																																																																																																WP_198481694.1																																											
OG0010995																																																																																																																			WP_161546864.1																																								
OG0010996				WP_167469147.1																																																																																																																																																							
OG0010997										WP_205947498.1																																																																																																																																																	
OG0010998																																																																																																																																																						AC4LGM_21985					
OG0010999																																																																																																																																												WP_240584910.1															
OG0011000																																																																																																																																					WP_005968145.1																						
OG0011001					WP_261850259.1																																																																																																																																																						
OG0011002	WP_490323499.1																																																																																																																																																										
OG0011003																																																																																																																																																										WP_005968566.1	
OG0011004																																																																																																																																																										WP_039477293.1	
OG0011005																																																					WP_102118328.1																																																																																																						
OG0011006																																																																																																																									WP_095700219.1																																		
OG0011007																																																																																														WP_161528223.1																																																													
OG0011008												WP_349855054.1																																																																																																																																															
OG0011009																																																																																																																WP_198481634.1																																											
OG0011010												WP_349855913.1																																																																																																																																															
OG0011011																																													WP_488472232.1																																																																																																														
OG0011012					WP_261848203.1																																																																																																																																																						
OG0011013																																																																																																																																																										WP_005973135.1	
OG0011014										WP_205947877.1																																																																																																																																																	
OG0011015																																																																																																																																																WP_135714561.1											
OG0011016																													WP_215216019.1																																																																																																																														
OG0011017					WP_261847663.1																																																																																																																																																						
OG0011018																																																												WP_240559208.1																																																																																															
OG0011019																																																																								WP_264041444.1																																																																																			
OG0011020																																																																																																																																																										WP_005974581.1	
OG0011021																																																																																																																																WP_106389040.1																											
OG0011022																																																																																																																														WP_219606547.1																													
OG0011023																																																																																																																																																									WP_455566722.1		
OG0011024																																																																																		WP_161502710.1																																																																									
OG0011025																																																																																																		WP_420850164.1																																																									
OG0011026																													WP_251388878.1																																																																																																																														
OG0011027																								WP_350316030.1																																																																																																																																			
OG0011028												WP_349856415.1																																																																																																																																															
OG0011029																																																																																			WP_161509620.1																																																																								
OG0011030																																																											WP_225584370.1																																																																																																
OG0011031																																																																																																																																																	WP_256736993.1										
OG0011032																																																																																																																																													WP_125233382.1														
OG0011033																																		GT391_RS15030																																																																																																																									
OG0011034		WP_275070992.1																																																																																																																																																									
OG0011035																												WP_119158313.1																																																																																																																															
OG0011036																																											WP_157765229.1																																																																																																																
OG0011037				WP_116164356.1																																																																																																																																																							
OG0011038																																					WP_039280041.1																																																																																																																						
OG0011039																																																																																																																														WP_273854994.1																													
OG0011040																																																																																																																			WP_342591107.1																																								
OG0011041																																									WP_205560755.1																																																																																																																		
OG0011042																																																																																																																				WP_489358694.1																																							
OG0011043	WP_490322827.1																																																																																																																																																										
OG0011044					WP_338659611.1																																																																																																																																																						
OG0011045						AC4LGN_16890																																																																																																																																																					
OG0011046																																																																																																																														WP_137742051.1																													
OG0011047																																																																																																																																																										WP_005968009.1	
OG0011048																																																																																																																																								WP_248721670.1																			
OG0011049																																																																																																															WP_198339092.1																																												
OG0011050																																																																																																																																																		WP_242934891.1									
OG0011051																																				WP_463256860.1																																																																																																																							
OG0011052																																																									WP_233991048.1																																																																																																		
OG0011053																																																																														WP_406627827.1																																																																													
OG0011054																																																									WP_289362264.1																																																																																																		
OG0011055																																			WP_432420493.1																																																																																																																								
OG0011056																																																																																														WP_161528289.1																																																													
OG0011057																																		GT391_RS10020																																																																																																																									
OG0011058																																																																																			WP_161508721.1																																																																								
OG0011059																																																																																																																														WP_137741933.1																													
OG0011060																																																																																																																																																								WP_039534786.1			
OG0011061																																																																																		WP_161502318.1																																																																									
OG0011062				WP_116164360.1																																																																																																																																																							
OG0011063																																																																																			WP_039534287.1																																																																								
OG0011064																																		GT391_RS16355																																																																																																																									
OG0011065																																																																																																																																																										WP_237028200.1	
OG0011066																																																																																																																			WP_161546595.1																																								
OG0011067																																																																																							WP_274214298.1																																																																				
OG0011068																																																																																																WP_183042760.1																																																											
OG0011069																																																																																																																																																											WP_111465017.1
OG0011070												WP_349856165.1																																																																																																																																															
OG0011071																																																																																																			WP_121266057.1																																																								
OG0011072																																																																																																																		WP_230243040.1																																									
OG0011073																																																																																														WP_161529103.1																																																													
OG0011074																																																											WP_225582398.1																																																																																																
OG0011075																																																																																																																								WP_106389040.1																																			
OG0011076																																																									WP_106389040.1																																																																																																		
OG0011077																																																																																																				WP_205575983.1																																																							
OG0011078																																							WP_446730490.1																																																																																																																				
OG0011079																																																																																																																																													WP_044206421.1														
OG0011080																																																																																							WP_274214145.1																																																																				
OG0011081																																																																																																																																						WP_145569485.1																					
OG0011082																																									WP_162949786.1																																																																																																																		
OG0011083																																																																																																																							WP_323636604.1																																				
OG0011084																																																									WP_289362317.1																																																																																																		
OG0011085																																																																																																																																							WP_437216520.1																				
OG0011086																																							WP_446730111.1																																																																																																																				
OG0011087																																																																																																																																																		WP_242934958.1									
OG0011088																						WP_256604747.1																																																																																																																																					
OG0011089																																																																																																																																												WP_240585517.1															
OG0011090																																																																																																															WP_014699407.1																																												
OG0011091						AC4LGN_04525																																																																																																																																																					
OG0011092																																																																																																																			WP_161546628.1																																								
OG0011093																																																																																																																														WP_395303224.1																													
OG0011094																																																																																														WP_167521822.1																																																													
OG0011095																																																	WP_119888224.1																																																																																																										
OG0011096	WP_445325474.1																																																																																																																																																										
OG0011097																																																																																																																																																	WP_044202422.1										
OG0011098																																																																																																															WP_014701573.1																																												
OG0011099																																																																																																																														WP_137742229.1																													
OG0011100																																																																																																																																																			WP_196387966.1								
OG0011101																																		GT391_RS21655																																																																																																																									
OG0011102																																							WP_446730099.1																																																																																																																				
OG0011103																																																														WP_434997706.1																																																																																													
OG0011104																																																									WP_289363985.1																																																																																																		
OG0011105					WP_261848637.1																																																																																																																																																						
OG0011106																																																																																																																								WP_095994609.1																																			
OG0011107																																																																																													WP_483347025.1																																																														
OG0011108																																																																WP_226301425.1																																																																																											
OG0011109		WP_106389040.1																																																																																																																																																									
OG0011110																																																																																																																														WP_167494472.1																													
OG0011111																																			WP_268198611.1																																																																																																																								
OG0011112																																																																																																																																WP_489289920.1																											
OG0011113																																										WP_106389040.1																																																																																																																	
OG0011114																																																																																																																																																							WP_119158671.1				
OG0011115																																									WP_339097932.1																																																																																																																		
OG0011116												WP_349855375.1																																																																																																																																															
OG0011117																								WP_350316465.1																																																																																																																																			
OG0011118																																																																																																																								WP_095995183.1																																			
OG0011119																																																																							WP_323641378.1																																																																																				
OG0011120																																																																																																																																																											WP_395303068.1
OG0011121																																																																																																				WP_106389040.1																																																							
OG0011122		WP_275070978.1																																																																																																																																																									
OG0011123																																																																WP_226301417.1																																																																																											
OG0011124																																																									WP_039280041.1																																																																																																		
OG0011125																																																																																																																			WP_161546910.1																																								
OG0011126																																																																																																																																																						AC4LGM_22750					
OG0011127																																																																																																																					WP_258210365.1																																						
OG0011128										WP_205947515.1																																																																																																																																																	
OG0011129																																																																																										WP_012772867.1																																																																	
OG0011130																																																																																																		WP_127088013.1																																																									
OG0011131																																																																																																								WP_239005696.1																																																			
OG0011132																																																																									WP_405079097.1																																																																																		
OG0011133		WP_275070981.1																																																																																																																																																									
OG0011134																																																																																WP_234932216.1																																																																											
OG0011135																																																																																																WP_161545418.1																																																											
OG0011136																																																																																																																										WP_014913906.1																																	
OG0011137																																																																														WP_336847245.1																																																																													
OG0011138																																																																																																				WP_121268648.1																																																							
OG0011139																																																																																																																																																				WP_405081111.1							
OG0011140																																																												WP_165612484.1																																																																																															
OG0011141																																																																																										WP_225085160.1																																																																	
OG0011142																																																																																																																																																	WP_024108950.1										
OG0011143																																																																																																																																																											WP_122993843.1
OG0011144																																																																																																																																																					WP_072041017.1						
OG0011145																																																																							WP_490314215.1																																																																																				
OG0011146																																																																																					WP_014914986.1																																																																						
OG0011147																																																																																		WP_161502992.1																																																																									
OG0011148																																																																																																																								WP_095994297.1																																			
OG0011149																																																																																																																																																								WP_225586235.1			
OG0011150																																																																													WP_464626366.1																																																																														
OG0011151																																		GT391_RS05750																																																																																																																									
OG0011152																																										WP_426595680.1																																																																																																																	
OG0011153																																																																																																																																																				WP_405081596.1							
OG0011154																																							WP_446730301.1																																																																																																																				
OG0011155																																						WP_490307244.1																																																																																																																					
OG0011156																																																																																																										WP_121304254.1																																																	
OG0011157																																																						WP_106389040.1																																																																																																					
OG0011158																																																									WP_289362271.1																																																																																																		
OG0011159																													WP_215216041.1																																																																																																																														
OG0011160																																																																															HER17_RS12680																																																																												
OG0011161																																																																																												WP_431889174.1																																																															
OG0011162																																																																																																																																																										WP_083253189.1	
OG0011163																																																																																																																																									WP_271874768.1																		
OG0011164																																																																																																																																																						AC4LGM_00910					
OG0011165																																																																																																																												WP_490307317.1																															
OG0011166																																		GT391_RS15135																																																																																																																									
OG0011167																																AC4LGO_16745																																																																																																																											
OG0011168																																																																																																										WP_025918835.1																																																	
OG0011169																																																												WP_080163071.1																																																																																															
OG0011170																																																																																																																			WP_161547059.1																																								
OG0011171																																																																																																																											WP_277514779.1																																
OG0011172																																		GT391_RS15765																																																																																																																									
OG0011173																																																										WP_203448562.1																																																																																																	
OG0011174																																																																																														WP_161528960.1																																																													
OG0011175																																																																																																																																				WP_165800624.1																							
OG0011176																																																																																																																									WP_039485998.1																																		
OG0011177																																																									WP_289361716.1																																																																																																		
OG0011178																																																																																																		WP_127088006.1																																																									
OG0011179																																																																																																																																			WP_106389040.1																								
OG0011180																																																																																																																																						WP_119874455.1																					
OG0011181																																																															WP_203448980.1																																																																																												
OG0011182																																																																																																																																										WP_024108542.1																	
OG0011183												WP_349855931.1																																																																																																																																															
OG0011184																																																																																																																																												WP_240584792.1															
OG0011185																																								WP_379057355.1																																																																																																																			
OG0011186																																																																																																WP_109463705.1																																																											
OG0011187																																																																																					WP_012822191.1																																																																						
OG0011188																																																																																																																																WP_489289528.1																											
OG0011189																																					WP_039503049.1																																																																																																																						
OG0011190																																																												WP_012822191.1																																																																																															
OG0011191																																																																																																		WP_127088049.1																																																									
OG0011192																																								WP_072038115.1																																																																																																																			
OG0011193																																																																																																																																WP_249686584.1																											
OG0011194																																																																	WP_406642769.1																																																																																										
OG0011195																																																	WP_103157497.1																																																																																																										
OG0011196																																																						WP_205546664.1																																																																																																					
OG0011197																																																																																																																																													WP_125233385.1														
OG0011198					WP_261848517.1																																																																																																																																																						
OG0011199																																											WP_100017250.1																																																																																																																
OG0011200																																																																																																																																																					WP_405077782.1						
OG0011201																																																																																																																																							WP_437216652.1																				
OG0011202				WP_125176108.1																																																																																																																																																							
OG0011203																																																																																																																											WP_277516011.1																																
OG0011204																																																																																										WP_225087604.1																																																																	
OG0011205	WP_039324837.1																																																																																																																																																										
OG0011206																																			WP_075277999.1																																																																																																																								
OG0011207																																																																																													WP_483346267.1																																																														
OG0011208																																		GT391_RS01950																																																																																																																									
OG0011209																																																															WP_039485998.1																																																																																												
OG0011210																																																																																																																																										WP_263057430.1																	
OG0011211																																																																																														WP_161530502.1																																																													
OG0011212																																																											WP_225582418.1																																																																																																
OG0011213																																																																																														WP_167521828.1																																																													
OG0011214																																																																																											WP_350238817.1																																																																
OG0011215																																																																																													WP_483347067.1																																																														
OG0011216					WP_338659345.1																																																																																																																																																						
OG0011217																																AC4LGO_16755																																																																																																																											
OG0011218																																													WP_488471358.1																																																																																																														
OG0011219																																																												WP_080163059.1																																																																																															
OG0011220																																																	WP_109491853.1																																																																																																										
OG0011221																																																																						WP_226509815.1																																																																																					
OG0011222																																																						WP_205557525.1																																																																																																					
OG0011223																																																																																						WP_194431600.1																																																																					
OG0011224																	WP_181828753.1																																																																																																																																										
OG0011225																																				WP_463256791.1																																																																																																																							
OG0011226																																																																																																																																									WP_271876097.1																		
OG0011227																																																																																																				WP_121268596.1																																																							
OG0011228																																																																																																																																																										WP_322788152.1	
OG0011229																																																																																																													WP_198340478.1																																														
OG0011230																																																																																																																						WP_189339471.1																																					
OG0011231																																																																																																																														WP_010298854.1																													
OG0011232																																									WP_039312496.1																																																																																																																		
OG0011233																																									WP_422395197.1																																																																																																																		
OG0011234																																																																																																															WP_014699549.1																																												
OG0011235																																																																																											WP_012772867.1																																																																
OG0011236																																																																																										WP_225087013.1																																																																	
OG0011237																																													WP_488471371.1																																																																																																														
OG0011238																																																																																																																								WP_095992712.1																																			
OG0011239																																																																																																																																																WP_416054457.1											
OG0011240																																AC4LGO_00675																																																																																																																											
OG0011241																																																																																																																						WP_157860046.1																																					
OG0011242																																																																																																															WP_148273047.1																																												
OG0011243																																																																																																																	WP_015731044.1																																										
OG0011244												WP_349856185.1																																																																																																																																															
OG0011245																																																																						WP_317845528.1																																																																																					
OG0011246																																																																																																																																																										WP_043885402.1	
OG0011247																																																																																																																																																WP_323661054.1											
OG0011248																																																																																																													WP_203448556.1																																														
OG0011249																																																																																																																																						WP_193401051.1																					
OG0011250																																																																																																																																																										WP_005976450.1	
OG0011251																														WP_043135138.1																																																																																																																													
OG0011252																																			WP_131546525.1																																																																																																																								
OG0011253																																																																																																																										WP_224072160.1																																	
OG0011254												WP_349855914.1																																																																																																																																															
OG0011255																																																																																																														WP_033071212.1																																													
OG0011256																																																																																																																																										WP_263059775.1																	
OG0011257																																																																														WP_336847231.1																																																																													
OG0011258																																													WP_488471378.1																																																																																																														
OG0011259																																																																																																																																				WP_107168071.1																							
OG0011260						AC4LGN_13745																																																																																																																																																					
OG0011261																																																																																																																							WP_323635114.1																																				
OG0011262																																																																																																																												WP_323639992.1																															
OG0011263																																																																																														WP_161530492.1																																																													
OG0011264																																																																																																																																																										WP_005968527.1	
OG0011265																																																																																																																												WP_138256222.1																															
OG0011266																																																																																																																																																				WP_405081992.1							
OG0011267																																		GT391_RS13755																																																																																																																									
OG0011268																																																																																																WP_202620837.1																																																											
OG0011269				WP_116164644.1																																																																																																																																																							
OG0011270																																																																																																																							WP_323634999.1																																				
OG0011271																																																																																																															WP_148273028.1																																												
OG0011272																																																																																																																																							WP_437216596.1																				
OG0011273																																																																						WP_226509847.1																																																																																					
OG0011274																																																																																	WP_338090968.1																																																																										
OG0011275				WP_116165024.1																																																																																																																																																							
OG0011276												WP_349856244.1																																																																																																																																															
OG0011277												WP_349856162.1																																																																																																																																															
OG0011278																																																																																																																														WP_137742607.1																													
OG0011279				WP_116164694.1																																																																																																																																																							
OG0011280																																																																																																																											WP_277515276.1																																
OG0011281																																																																																																																																										WP_263059194.1																	
OG0011282																																																																																																																					WP_039503391.1																																						
OG0011283																																																																							WP_323641870.1																																																																																				
OG0011284																																																																																																																																											WP_432652423.1																
OG0011285																																																																																																		WP_127088014.1																																																									
OG0011286																																					WP_131547287.1																																																																																																																						
OG0011287																																																																																																																																					WP_193407555.1																						
OG0011288																																																																																																																																																											WP_242506259.1
OG0011289																																																																																																																															WP_277452564.1																												
OG0011290																																																																																																																																																									WP_226306245.1		
OG0011291																																																																																																																															WP_323666288.1																												
OG0011292																																																								WP_488450358.1																																																																																																			
OG0011293																																																	WP_205592492.1																																																																																																										
OG0011294																								WP_238759582.1																																																																																																																																			
OG0011295																																																																																																																													WP_258882440.1																														
OG0011296																																																																																																																																																										WP_156105181.1	
OG0011297																																																																					WP_039542684.1																																																																																						
OG0011298																																																																																																																																																											WP_129706140.1
OG0011299																																																															WP_203450339.1																																																																																												
OG0011300																																																																																																																																												WP_240583417.1															
OG0011301																																																																																																																																				WP_205942444.1																							
OG0011302					WP_261850148.1																																																																																																																																																						
OG0011303																																																																																																																																							WP_437215093.1																				
OG0011304																																																																																																																					WP_039513981.1																																						
OG0011305																																																																																																																																												WP_075202187.1															
OG0011306																																																																																																																																			WP_489262697.1																								
OG0011307																																																																				WP_106389040.1																																																																																							
OG0011308																																																																																WP_014699424.1																																																																											
OG0011309																																																																																																		WP_157985465.1																																																									
OG0011310																																																																																										WP_106389040.1																																																																	
OG0011311																																													WP_180773926.1																																																																																																														
OG0011312																																																																																																																														WP_395303209.1																													
OG0011313																																																																																																WP_161545770.1																																																											
OG0011314																																																																																																																												WP_323641167.1																															
OG0011315																																																																																																																																																			WP_330165198.1								
OG0011316																																													WP_180773931.1																																																																																																														
OG0011317	WP_490323408.1																																																																																																																																																										
OG0011318																																																								WP_488450166.1																																																																																																			
OG0011319																																																																																																																																									WP_271876405.1																		
OG0011320																																																																																																																								WP_095992964.1																																			
OG0011321					WP_261848493.1																																																																																																																																																						
OG0011322																																																																																												WP_431891389.1																																																															
OG0011323																														WP_043135135.1																																																																																																																													
OG0011324																																																																																					WP_014915664.1																																																																						
OG0011325																																																									WP_289361855.1																																																																																																		
OG0011326																																																																																										WP_225085170.1																																																																	
OG0011327					WP_261846712.1																																																																																																																																																						
OG0011328								WP_106389040.1																																																																																																																																																			
OG0011329																																																																																														WP_161529442.1																																																													
OG0011330																																																																																																																																																WP_211045807.1											
OG0011331																															ECA_RS16840																																																																																																																												
OG0011332																																																																WP_051906056.1																																																																																											
OG0011333																																															WP_106389040.1																																																																																																												
OG0011334																																																																																									WP_180741449.1																																																																		
OG0011335																																																																																							WP_025920323.1																																																																				
OG0011336																																																												WP_080164189.1																																																																																															
OG0011337																																																																																		WP_237613281.1																																																																									
OG0011338																																																																																																										WP_103164464.1																																																	
OG0011339																																																																																																																																												WP_240583418.1															
OG0011340																																																										WP_039355177.1																																																																																																	
OG0011341																																																																																																																																									WP_271874767.1																		
OG0011342																													WP_215216043.1																																																																																																																														
OG0011343																																		GT391_RS01800																																																																																																																									
OG0011344																																																																																																																WP_232625532.1																																											
OG0011345																																																																																																																																										WP_411561443.1																	
OG0011346																																																																																																																																												WP_240585727.1															
OG0011347																																																																																																																														WP_395303311.1																													
OG0011348																																																																																																																															WP_323666656.1																												
OG0011349																																																																																																																						WP_145984880.1																																					
OG0011350																																																																																																																								WP_095992705.1																																			
OG0011351																																																																																														WP_161529097.1																																																													
OG0011352																													WP_215216017.1																																																																																																																														
OG0011353																																			WP_075278002.1																																																																																																																								
OG0011354																																																																																																WP_011788500.1																																																											
OG0011355																																																																																																																																										WP_263057535.1																	
OG0011356		WP_275070994.1																																																																																																																																																									
OG0011357																																																																																																																		WP_039513383.1																																									
OG0011358																																																																																																		WP_127088028.1																																																									
OG0011359																																																																																																WP_237613326.1																																																											
OG0011360																																																																																																																																																		WP_242934818.1									
OG0011361																																																																																																																																																	WP_212769060.1										
OG0011362																																																																																																																																WP_489290724.1																											
OG0011363																																						WP_205545214.1																																																																																																																					
OG0011364																																																																																																																							WP_323636229.1																																				
OG0011365																																																									WP_289361677.1																																																																																																		
OG0011366																																			WP_268198153.1																																																																																																																								
OG0011367																																																																																																										WP_121304238.1																																																	
OG0011368																																																																																																																																																							WP_103861759.1				
OG0011369																																																																																																																																																								WP_040031384.1			
OG0011370																																																																																														WP_161529085.1																																																													
OG0011371																																																																																														WP_161529088.1																																																													
OG0011372																																				WP_048256487.1																																																																																																																							
OG0011373																														WP_043135134.1																																																																																																																													
OG0011374																																																																																																																															WP_010298854.1																												
OG0011375																																																																																																																												WP_323638726.1																															
OG0011376																																																	WP_338154930.1																																																																																																										
OG0011377																																																																																																																																										WP_263058173.1																	
OG0011378				WP_125176117.1																																																																																																																																																							
OG0011379																																																																																																																																				WP_107169387.1																							
OG0011380																																																																																																																																			WP_215483213.1																								
OG0011381																																																																																	WP_106389040.1																																																																										
OG0011382																					WP_106389040.1																																																																																																																																						
OG0011383																																									WP_010283045.1																																																																																																																		
OG0011384																																																																																																																						WP_113632993.1																																					
OG0011385																																																																																																																																												WP_106389040.1															
OG0011386																																																																																																																																																											WP_106389040.1
OG0011387																																																									WP_289363977.1																																																																																																		
OG0011388																								WP_039288326.1																																																																																																																																			
OG0011389																																							WP_035889851.1																																																																																																																				
OG0011390																																																																																																																																																										WP_005975815.1	
OG0011391																																						WP_240354909.1																																																																																																																					
OG0011392						AC4LGN_08525																																																																																																																																																					
OG0011393																																																																																						WP_267237964.1																																																																					
OG0011394																																																																																							WP_249686823.1																																																																				
OG0011395																																																																																							WP_039498939.1																																																																				
OG0011396																																			WP_109225875.1																																																																																																																								
OG0011397																												WP_106389040.1																																																																																																																															
OG0011398																																																																																																WP_161545926.1																																																											
OG0011399																																																																																																																												WP_323639207.1																															
OG0011400																																																																																																																																																								WP_225586741.1			
OG0011401																																																																																WP_203470207.1																																																																											
OG0011402																																																																																																																														WP_137742617.1																													
OG0011403																																					WP_075278222.1																																																																																																																						
OG0011404																																																																																																																																									WP_271874635.1																		
OG0011405																																																																																														WP_161529110.1																																																													
OG0011406																																																																														WP_117624989.1																																																																													
OG0011407																																																																																																																																																WP_323612649.1											
OG0011408						AC4LGN_09000																																																																																																																																																					
OG0011409																																																																																																WP_109463707.1																																																											
OG0011410																																																																																																																									WP_125460689.1																																		
OG0011411																																																																																			WP_237613154.1																																																																								
OG0011412																																																																																																																			WP_347881640.1																																								
OG0011413																																																																																																																							WP_323635276.1																																				
OG0011414		WP_039363595.1																																																																																																																																																									
OG0011415																																																																																																																																																											WP_129707302.1
OG0011416						AC4LGN_13890																																																																																																																																																					
OG0011417																																																																																														WP_161529084.1																																																													
OG0011418																																																												WP_080163292.1																																																																																															
OG0011419																																																																																																		WP_127088019.1																																																									
OG0011420																																																																																																															WP_014700017.1																																												
OG0011421																																																													WP_227526985.1																																																																																														
OG0011422																																																																																																																WP_198481600.1																																											
OG0011423																																																																													WP_261867027.1																																																																														
OG0011424																																																																																																																											WP_489328758.1																																
OG0011425																																																																																	WP_239768123.1																																																																										
OG0011426																																																																																					WP_228376618.1																																																																						
OG0011427	WP_490323772.1																																																																																																																																																										
OG0011428																																																																																																																																																										WP_156781737.1	
OG0011429																																																																																	WP_016060776.1																																																																										
OG0011430				WP_116164093.1																																																																																																																																																							
OG0011431																																																																																																																																																WP_323661053.1											
OG0011432																																																																																																																																									WP_271872973.1																		
OG0011433					WP_261848491.1																																																																																																																																																						
OG0011434																																																																																																																			WP_281069530.1																																								
OG0011435																																																					WP_102118338.1																																																																																																						
OG0011436																																																																																																																																												WP_240585008.1															
OG0011437																																																																																																															WP_014699396.1																																												
OG0011438																																																																																																																																									WP_271877411.1																		
OG0011439																																																								WP_254360319.1																																																																																																			
OG0011440																																																																																																																																																				WP_405081206.1							
OG0011441																																																																																																																						WP_189339504.1																																					
OG0011442																																																									WP_289364380.1																																																																																																		
OG0011443																																																																																																																							WP_323636884.1																																				
OG0011444																																																																																																																			WP_161547064.1																																								
OG0011445																																																																																					WP_014915459.1																																																																						
OG0011446					WP_261848058.1																																																																																																																																																						
OG0011447																																																																																																																								WP_039485998.1																																			
OG0011448				WP_116164382.1																																																																																																																																																							
OG0011449																																																									WP_289363325.1																																																																																																		
OG0011450																																																										WP_483280890.1																																																																																																	
OG0011451																																									WP_339098806.1																																																																																																																		
OG0011452																																																																																																																																																										WP_005967166.1	
OG0011453																																							WP_446730279.1																																																																																																																				
OG0011454																																		GT391_RS15165																																																																																																																									
OG0011455																																																																																														WP_161529101.1																																																													
OG0011456																																																																																							WP_052326065.1																																																																				
OG0011457																																																																																																																																												WP_240583995.1															
OG0011458																																																																																																																																							WP_180744017.1																				
OG0011459																																																						WP_039277704.1																																																																																																					
OG0011460																																																					WP_012822402.1																																																																																																						
OG0011461																																																																																			WP_161508661.1																																																																								
OG0011462																																													WP_488471631.1																																																																																																														
OG0011463																																					WP_075278257.1																																																																																																																						
OG0011464																																																																																																																																											WP_432652442.1																
OG0011465																																																																																																																															WP_323665656.1																												
OG0011466																																							WP_035889858.1																																																																																																																				
OG0011467																																																																																																																																						WP_193397809.1																					
OG0011468						AC4LGN_16330																																																																																																																																																					
OG0011469																																																																																																																																																										WP_156105176.1	
OG0011470																																																																																																																														WP_395303280.1																													
OG0011471	WP_490323839.1																																																																																																																																																										
OG0011472																																																																																																																																					WP_193407662.1																						
OG0011473																																																																															HER17_RS07310																																																																												
OG0011474																		WP_106389040.1																																																																																																																																									
OG0011475																																																			WP_205592392.1																																																																																																								
OG0011476																																																																																																																							WP_323635840.1																																				
OG0011477																																																																																																																			WP_161546890.1																																								
OG0011478																																																																																													WP_483347027.1																																																														
OG0011479																																																																																																																			WP_245394209.1																																								
OG0011480																																																																																														WP_161528574.1																																																													
OG0011481																																																																													WP_336872786.1																																																																														
OG0011482																																																																																																															WP_014701002.1																																												
OG0011483																																																																																																										WP_109225053.1																																																	
OG0011484									WP_350326867.1																																																																																																																																																		
OG0011485																																																																																					WP_266286123.1																																																																						
OG0011486																																																																																																			WP_121265828.1																																																								
OG0011487																																																																																																																																																			WP_269059618.1								
OG0011488																																																																																																																																																									WP_226306256.1		
OG0011489					WP_261848066.1																																																																																																																																																						
OG0011490																																																																																																																	WP_012822598.1																																										
OG0011491																																											WP_100017801.1																																																																																																																
OG0011492																																																									WP_289361662.1																																																																																																		
OG0011493																																																																																		WP_062792291.1																																																																									
OG0011494																																																																																																																			WP_161546967.1																																								
OG0011495																																																							WP_106389040.1																																																																																																				
OG0011496																																																	WP_102118382.1																																																																																																										
OG0011497																																																																																																										WP_049825551.1																																																	
OG0011498																																																																																																															WP_014701674.1																																												
OG0011499																																																																																			WP_161509059.1																																																																								
OG0011500																																																																																																		WP_127087888.1																																																									
OG0011501					WP_233983461.1																																																																																																																																																						
OG0011502																																																																																							WP_039557309.1																																																																				
OG0011503																																																																																																																																												WP_240585405.1															
OG0011504																																																																																													WP_483346084.1																																																														
OG0011505																																																																																																																																																			WP_196387956.1								
OG0011506																																																																																																										WP_121304188.1																																																	
OG0011507		WP_275071996.1																																																																																																																																																									
OG0011508																																																																																																			WP_121264886.1																																																								
OG0011509																																																									WP_289362319.1																																																																																																		
OG0011510																																																																																																																																										WP_411561445.1																	
OG0011511																														WP_001353113.1																																																																																																																													
OG0011512					WP_338659562.1																																																																																																																																																						
OG0011513																																																																																																																						WP_368350105.1																																					
OG0011514																																																																																																																																										WP_102801069.1																	
OG0011515										WP_205947876.1																																																																																																																																																	
OG0011516																																																																																																																							WP_174872411.1																																				
OG0011517																																																																																																																																																											WP_039285702.1
OG0011518																																																																																																WP_000027441.1																																																											
OG0011519																																																																																																																							WP_323636402.1																																				
OG0011520																																																																																																																			WP_161547106.1																																								
OG0011521																																																																																																																													WP_258884930.1																														
OG0011522																																																									WP_289361998.1																																																																																																		
OG0011523																																											WP_100017464.1																																																																																																																
OG0011524																																																																																																																																																					WP_072037054.1						
OG0011525				WP_228400013.1																																																																																																																																																							
OG0011526																																																																																					WP_014914984.1																																																																						
OG0011527																																																															WP_106389040.1																																																																																												
OG0011528																																																																																																																																					WP_193407841.1																						
OG0011529			WP_368726618.1																																																																																																																																																								
OG0011530																																																																																																WP_161545428.1																																																											
OG0011531																																																	WP_133169846.1																																																																																																										
OG0011532																																																																																										WP_225088080.1																																																																	
OG0011533																																																																																																																																													WP_072037054.1														
OG0011534																																																																																															WP_014701531.1																																																												
OG0011535																																																																																																																																																				WP_161569002.1							
OG0011536																																																																																																		WP_127087885.1																																																									
OG0011537																													WP_106389040.1																																																																																																																														
OG0011538																																											WP_198406554.1																																																																																																																
OG0011539																																			WP_268197736.1																																																																																																																								
OG0011540																																																																																																																																									WP_271877907.1																		
OG0011541																																																																																																																																																									WP_226305808.1		
OG0011542																																																			WP_205591096.1																																																																																																								
OG0011543																																											WP_100017258.1																																																																																																																
OG0011544																																																																																																																																												WP_205552090.1															
OG0011545																																																																																																																																									WP_271876397.1																		
OG0011546																																																																																																																						WP_113632876.1																																					
OG0011547																																															WP_205536558.1																																																																																																												
OG0011548																																																																																																																																				WP_240618629.1																							
OG0011549										WP_039325644.1																																																																																																																																																	
OG0011550																																																																																																																																																					WP_349853972.1						
OG0011551																																																																																																																																									WP_271878802.1																		
OG0011552																																																																																														WP_161529429.1																																																													
OG0011553																																																																	WP_406642313.1																																																																																										
OG0011554																																																																																		WP_202618489.1																																																																									
OG0011555																																							WP_446730500.1																																																																																																																				
OG0011556																																																																																																	WP_106389040.1																																																										
OG0011557			WP_368726619.1																																																																																																																																																								
OG0011558																																																																																			WP_161509614.1																																																																								
OG0011559																																						WP_205545314.1																																																																																																																					
OG0011560																																			WP_268198739.1																																																																																																																								
OG0011561																																																																																																																																																		WP_188246990.1									
OG0011562																																																																																																																			WP_281069589.1																																								
OG0011563																																																																																																																																																										WP_005967121.1	
OG0011564												WP_369987076.1																																																																																																																																															
OG0011565																																			WP_048257524.1																																																																																																																								
OG0011566																																																																																																																																																		WP_188247329.1									
OG0011567																																											WP_100016852.1																																																																																																																
OG0011568																																																														WP_434998237.1																																																																																													
OG0011569																																																																													WP_464626331.1																																																																														
OG0011570																																																												WP_080163015.1																																																																																															
OG0011571																																																																																																WP_161545392.1																																																											
OG0011572																																			WP_268197301.1																																																																																																																								
OG0011573																																																																																																WP_272927849.1																																																											
OG0011574																																																																																																																																																										WP_257785296.1	
OG0011575																																																																																																																																WP_489290478.1																											
OG0011576																																																																																																																																																	WP_212768489.1										
OG0011577					WP_039548373.1																																																																																																																																																						
OG0011578																																																																																																																															WP_323666403.1																												
OG0011579																																																																																			WP_161509373.1																																																																								
OG0011580																																																																																																															WP_014699402.1																																												
OG0011581																																																																																																	WP_276123780.1																																																										
OG0011582																																																										WP_483280861.1																																																																																																	
OG0011583																																																																																																																																																WP_226296364.1											
OG0011584																																																																																																																																																										WP_005969774.1	
OG0011585																																																																																																																																												WP_240585084.1															
OG0011586											WP_225182154.1																																																																																																																																																
OG0011587		WP_052201307.1																																																																																																																																																									
OG0011588																																																																																																																																																										WP_152413560.1	
OG0011589																																																																																																																																																										WP_005968011.1	
OG0011590																																																																																														WP_161529433.1																																																													
OG0011591	WP_490323474.1																																																																																																																																																										
OG0011592																																																																																WP_273543658.1																																																																											
OG0011593																																																																																																																															WP_490324456.1																												
OG0011594																									WP_300997701.1																																																																																																																																		
OG0011595	WP_490323213.1																																																																																																																																																										
OG0011596																																																																																																																WP_198482237.1																																											
OG0011597																																																																																																				WP_121268552.1																																																							
OG0011598																																																																																WP_203470337.1																																																																											
OG0011599																																																																																																																															WP_323666301.1																												
OG0011600																																																																																																																																							WP_437216643.1																				
OG0011601																																																																							WP_121247348.1																																																																																				
OG0011602																																																																																												WP_431890999.1																																																															
OG0011603																																																																																																										WP_240431537.1																																																	
OG0011604																																																											WP_225582238.1																																																																																																
OG0011605																								WP_350316244.1																																																																																																																																			
OG0011606																																																													WP_227526954.1																																																																																														
OG0011607																																																						WP_205547184.1																																																																																																					
OG0011608																																												WP_411559676.1																																																																																																															
OG0011609																																																																																																																																													WP_125233383.1														
OG0011610																																		GT391_RS02765																																																																																																																									
OG0011611																																																																WP_205594434.1																																																																																											
OG0011612																																																																																																														WP_033070868.1																																													
OG0011613																																																																																																																																																										WP_005972327.1	
OG0011614																																								WP_379060400.1																																																																																																																			
OG0011615																																																																																													WP_483346967.1																																																														
OG0011616																																																																																																																												WP_490307263.1																															
OG0011617																																																																																																																								WP_095994123.1																																			
OG0011618																																																																																																																																																		WP_242934904.1									
OG0011619																																AC4LGO_19445																																																																																																																											
OG0011620																																																																																														WP_161528175.1																																																													
OG0011621																																																																																																																WP_269780562.1																																											
OG0011622																																																																																																											AC4LGQ_15900																																																
OG0011623																																																																WP_205594673.1																																																																																											
OG0011624																																																					WP_226888944.1																																																																																																						
OG0011625																																																																																																																										WP_106389040.1																																	
OG0011626																																																																																																																																										WP_263057518.1																	
OG0011627																																																										WP_483280787.1																																																																																																	
OG0011628																																																																																																																																										WP_102801070.1																	
OG0011629																																																																																																																			WP_425331689.1																																								
OG0011630																																																																																																																WP_198481667.1																																											
OG0011631																																																	WP_103157495.1																																																																																																										
OG0011632																																																																						WP_226509756.1																																																																																					
OG0011633																																																																																																																																											WP_432652471.1																
OG0011634																																AC4LGO_16740																																																																																																																											
OG0011635																																																																																																																												WP_490307312.1																															
OG0011636																																																																																																		WP_039310721.1																																																									
OG0011637																																																			WP_205591170.1																																																																																																								
OG0011638																																																																																																													WP_116164462.1																																														
OG0011639																																																																																																																																							WP_437215982.1																				
OG0011640																																																																																																																																								WP_248721760.1																			
OG0011641																																																																																																																							WP_490319296.1																																				
OG0011642																																																																					WP_014913795.1																																																																																						
OG0011643																																																																																																																											WP_277515750.1																																
OG0011644																																																																																																																																												WP_240583433.1															
OG0011645											WP_225181182.1																																																																																																																																																
OG0011646																																																										WP_483280047.1																																																																																																	
OG0011647												WP_349856171.1																																																																																																																																															
OG0011648																																																																																																																											WP_277516969.1																																
OG0011649																																																																																																		WP_064799802.1																																																									
OG0011650																																																																																																																																WP_489290353.1																											
OG0011651																																																																																																																																									WP_271875349.1																		
OG0011652																																																																																					WP_014915198.1																																																																						
OG0011653																																																																																																																																	WP_039318104.1																										
OG0011654																																																																																			WP_161508718.1																																																																								
OG0011655																																																																																											WP_039349248.1																																																																
OG0011656																																																																																																WP_161545850.1																																																											
OG0011657																																																																															HER17_RS12220																																																																												
OG0011658																																																																																																																														WP_395303362.1																													
OG0011659																																																									WP_289362220.1																																																																																																		
OG0011660																																																																																		WP_161502690.1																																																																									
OG0011661											WP_106389040.1																																																																																																																																																
OG0011662																																																																						WP_103161094.1																																																																																					
OG0011663																	WP_181828832.1																																																																																																																																										
OG0011664																																			WP_268198131.1																																																																																																																								
OG0011665																	WP_181838183.1																																																																																																																																										
OG0011666																																																																																																																					WP_258210273.1																																						
OG0011667																																																																																																																																																											WP_242506175.1
OG0011668																																											WP_100016853.1																																																																																																																
OG0011669																																																												WP_080163418.1																																																																																															
OG0011670																																																																																																																					WP_165707470.1																																						
OG0011671																																																																																							WP_274214159.1																																																																				
OG0011672																																																																																																																							WP_323637134.1																																				
OG0011673																																																																																																																									WP_095701396.1																																		
OG0011674			WP_116186465.1																																																																																																																																																								
OG0011675																																																																																																WP_161545424.1																																																											
OG0011676	WP_342414427.1																																																																																																																																																										
OG0011677																																																																																																																																														WP_107332278.1													
OG0011678																																																																																																								WP_240431470.1																																																			
OG0011679																																																																																																						WP_121327012.1																																																					
OG0011680																																																																																																																																																											WP_129702640.1
OG0011681																																																																WP_240347060.1																																																																																											
OG0011682																																																									WP_289361940.1																																																																																																		
OG0011683																																																																																																																														WP_395303333.1																													
OG0011684																																																										WP_025920319.1																																																																																																	
OG0011685																																																																						WP_226509871.1																																																																																					
OG0011686																																												WP_349883803.1																																																																																																															
OG0011687																																																																	WP_406642346.1																																																																																										
OG0011688																									WP_300997805.1																																																																																																																																		
OG0011689																																			WP_268197776.1																																																																																																																								
OG0011690																																																																																																																																																										WP_005970982.1	
OG0011691																																																																						WP_138255387.1																																																																																					
OG0011692																																																																														WP_201878612.1																																																																													
OG0011693																																				WP_272938253.1																																																																																																																							
OG0011694																																																																																																				WP_121268846.1																																																							
OG0011695																																																																																																								WP_240431462.1																																																			
OG0011696																																																																																										WP_225085682.1																																																																	
OG0011697																																																																																																																																																									WP_226305968.1		
OG0011698																																																																																																																									WP_225974979.1																																		
OG0011699																																																																																																																																																										WP_005973650.1	
OG0011700																																																																																																																																									WP_271873575.1																		
OG0011701																																																																																																																																										WP_263057442.1																	
OG0011702		WP_275070828.1																																																																																																																																																									
OG0011703																																																																																																																																						WP_193401023.1																					
OG0011704																																																																																														WP_161528820.1																																																													
OG0011705																																																																	WP_406640475.1																																																																																										
OG0011706											WP_225181380.1																																																																																																																																																
OG0011707																								WP_350316349.1																																																																																																																																			
OG0011708																																																																																														WP_161529095.1																																																													
OG0011709																																																																																																															WP_014699360.1																																												
OG0011710																																																																																										WP_225087073.1																																																																	
OG0011711																																																																																																																																																				WP_405080709.1							
OG0011712					WP_261850080.1																																																																																																																																																						
OG0011713																																																																																																															WP_014701055.1																																												
OG0011714																																																																																																		WP_127088009.1																																																									
OG0011715																																					WP_075278095.1																																																																																																																						
OG0011716																																																																																																																																																										WP_005968401.1	
OG0011717																																													WP_488471385.1																																																																																																														
OG0011718																																																																																																		WP_127088021.1																																																									
OG0011719																																																																																																																															WP_490324436.1																												
OG0011720																																																																																																																		WP_165708366.1																																									
OG0011721																																																																																																																																																											WP_129703200.1
OG0011722																																																																																					WP_043901887.1																																																																						
OG0011723																																																																																		WP_161502712.1																																																																									
OG0011724																																																																																																																																																		WP_087795575.1									
OG0011725																																																																																																															WP_014698448.1																																												
OG0011726																																																			WP_205591356.1																																																																																																								
OG0011727																																																																																														WP_258013199.1																																																													
OG0011728																																																																																																																																																						AC4LGM_23085					
OG0011729																																																																																														WP_161528573.1																																																													
OG0011730																																																																																																																																																WP_323659416.1											
OG0011731																																																																																																																														WP_137741946.1																													
OG0011732																																																																																																																														WP_103161200.1																													
OG0011733																																																																							WP_131674355.1																																																																																				
OG0011734																																																												WP_039308931.1																																																																																															
OG0011735																																																																																																WP_000667170.1																																																											
OG0011736																																																																																	WP_239768134.1																																																																										
OG0011737																																																																																																																											WP_277515278.1																																
OG0011738																																																																																																																			WP_109463605.1																																								
OG0011739				WP_105879238.1																																																																																																																																																							
OG0011740																																																																																																																																				WP_106389040.1																							
OG0011741																																																																																																																														WP_137742608.1																													
OG0011742																																																																																																																																							WP_437215097.1																				
OG0011743																																																																																																																														WP_395303149.1																													
OG0011744																																																																																														WP_161529190.1																																																													
OG0011745																																																																																																				WP_121265076.1																																																							
OG0011746																																																									WP_289362201.1																																																																																																		
OG0011747						AC4LGN_16885																																																																																																																																																					
OG0011748																																																																																																																																																			WP_196387977.1								
OG0011749																																																																																																																																																											WP_129704062.1
OG0011750																																																																																							WP_103184174.1																																																																				
OG0011751																																						WP_490307186.1																																																																																																																					
OG0011752																																																					WP_012822399.1																																																																																																						
OG0011753																																																																																														WP_161528660.1																																																													
OG0011754																																																										WP_039325644.1																																																																																																	
OG0011755																																																																																																																													WP_258884319.1																														
OG0011756																																																																																																																							WP_323635619.1																																				
OG0011757																																																																														WP_201878018.1																																																																													
OG0011758																																																																																																																																																										WP_257785298.1	
OG0011759			WP_116186210.1																																																																																																																																																								
OG0011760																																																																									WP_014913795.1																																																																																		
OG0011761																																																						WP_205557558.1																																																																																																					
OG0011762				WP_116164366.1																																																																																																																																																							
OG0011763																																																																																																		WP_127088029.1																																																									
OG0011764																																																																																																																														WP_137741914.1																													
OG0011765																																																																																			WP_161509179.1																																																																								
OG0011766																																																																																																															WP_014699304.1																																												
OG0011767	WP_490322953.1																																																																																																																																																										
OG0011768																																																																																																																																	WP_010298854.1																										
OG0011769																																																																																																																																																					WP_349854037.1						
OG0011770																																																																																																															WP_014699359.1																																												
OG0011771																																																																																																																WP_198482206.1																																											
OG0011772																																																																																																																																															WP_130621707.1												
OG0011773																																										WP_320699489.1																																																																																																																	
OG0011774																																																																																																																									WP_095701077.1																																		
OG0011775																																																																																																																											WP_277514975.1																																
OG0011776					WP_261846987.1																																																																																																																																																						
OG0011777																																																																																																																							WP_275244036.1																																				
OG0011778																																																																																																																																																						AC4LGM_10300					
OG0011779				WP_116164215.1																																																																																																																																																							
OG0011780																																																																																					WP_014915216.1																																																																						
OG0011781																																																																																																																			WP_483428593.1																																								
OG0011782																																																									WP_289362838.1																																																																																																		
OG0011783																																																																																																																																												WP_240583265.1															
OG0011784																																																																																														WP_161527944.1																																																													
OG0011785																																																																																																																															WP_240353932.1																												
OG0011786																																																																																																																															WP_277452553.1																												
OG0011787																																																																																																																																																							WP_119159127.1				
OG0011788																																																																																																																														WP_395303270.1																													
OG0011789																																																																																																				WP_121268646.1																																																							
OG0011790																																																																																																																				WP_052237760.1																																							
OG0011791																																													WP_105576963.1																																																																																																														
OG0011792	WP_445324799.1																																																																																																																																																										
OG0011793											WP_225182170.1																																																																																																																																																
OG0011794																																																																																						WP_194430037.1																																																																					
OG0011795																													WP_251388962.1																																																																																																																														
OG0011796																																																																																																					WP_162939022.1																																																						
OG0011797																																																																	WP_406643554.1																																																																																										
OG0011798																																																		WP_106389040.1																																																																																																									
OG0011799																																																																										WP_106389040.1																																																																																	
OG0011800																																																	WP_012822367.1																																																																																																										
OG0011801																																											WP_100017701.1																																																																																																																
OG0011802																																																																																																																																																WP_323659574.1											
OG0011803																																																																																																																						WP_113631833.1																																					
OG0011804																																		GT391_RS05300																																																																																																																									
OG0011805																																																									WP_289362024.1																																																																																																		
OG0011806																																																								WP_039515514.1																																																																																																			
OG0011807																																																																																																																														WP_167494551.1																													
OG0011808																																																																																																																													WP_258883670.1																														
OG0011809																																																																																																																WP_198482216.1																																											
OG0011810																																																																																																WP_001206316.1																																																											
OG0011811																																																																																																																																		WP_106389040.1																									
OG0011812																																																																																																																																									WP_271872975.1																		
OG0011813																																											WP_157765232.1																																																																																																																
OG0011814																																																																																																																																			WP_215484026.1																								
OG0011815						AC4LGN_16905																																																																																																																																																					
OG0011816					WP_181498317.1																																																																																																																																																						
OG0011817																																																																																																																										WP_224072420.1																																	
OG0011818																																																																																																																																															WP_130621412.1												
OG0011819																																																																																																																													WP_258883676.1																														
OG0011820																																																																																						WP_194429814.1																																																																					
OG0011821																																																																																																															WP_014699340.1																																												
OG0011822																																																																																																																	WP_015730194.1																																										
OG0011823																																																			WP_205592167.1																																																																																																								
OG0011824																																																			WP_153071450.1																																																																																																								
OG0011825																																																																																										WP_119873417.1																																																																	
OG0011826																																							WP_446729730.1																																																																																																																				
OG0011827																																																																												WP_106389040.1																																																																															
OG0011828																																																			WP_205591357.1																																																																																																								
OG0011829																																																													WP_227527251.1																																																																																														
OG0011830																																																																																																WP_237613320.1																																																											
OG0011831																																																																																																																																										WP_263059163.1																	
OG0011832																																																																																																																	WP_015729939.1																																										
OG0011833					WP_261847180.1																																																																																																																																																						
OG0011834																																																																																																																						WP_113632564.1																																					
OG0011835																																										WP_040033765.1																																																																																																																	
OG0011836																																																																																																																																																		WP_242934914.1									
OG0011837																																												WP_459167328.1																																																																																																															
OG0011838																																																																																																																	WP_015730052.1																																										
OG0011839																													WP_088204662.1																																																																																																																														
OG0011840																																																																																																																														WP_137742048.1																													
OG0011841																																																																																																																				WP_039513906.1																																							
OG0011842																																							WP_446730352.1																																																																																																																				
OG0011843																																			WP_193401574.1																																																																																																																								
OG0011844					WP_261848061.1																																																																																																																																																						
OG0011845																																																																																																																																													WP_125232332.1														
OG0011846																																																																														WP_406628200.1																																																																													
OG0011847																																																																																																																												WP_010298854.1																															
OG0011848																																																																																														WP_244322061.1																																																													
OG0011849																																																																																																WP_000433889.1																																																											
OG0011850																																																																																																														WP_106389040.1																																													
OG0011851																																																																																																																													WP_258883949.1																														
OG0011852																																																																																																																																			WP_010298854.1																								
OG0011853																																																		WP_240349759.1																																																																																																									
OG0011854																																																																																																																			WP_242934569.1																																								
OG0011855																																																																																																																																																											WP_129702639.1
OG0011856																																																																																																																			WP_245394191.1																																								
OG0011857																																																																																																			WP_162940853.1																																																								
OG0011858																																									WP_339097890.1																																																																																																																		
OG0011859																																																																																																																																							WP_437217354.1																				
OG0011860																																																																																																		WP_111778978.1																																																									
OG0011861																																																																																																																																																										WP_005974171.1	
OG0011862																																																																																																																																							WP_437216522.1																				
OG0011863																																																																																																																																									WP_271877910.1																		
OG0011864												WP_349856186.1																																																																																																																																															
OG0011865																																										WP_400452014.1																																																																																																																	
OG0011866																																																										WP_483280545.1																																																																																																	
OG0011867																																																																																																																	WP_015730153.1																																										
OG0011868																																																																																																																																							WP_437214421.1																				
OG0011869																																																																																																																																																											WP_129702769.1
OG0011870																																																																																																																																												WP_240583264.1															
OG0011871																																																	WP_205592489.1																																																																																																										
OG0011872																												WP_039296351.1																																																																																																																															
OG0011873																																																																																																WP_237613353.1																																																											
OG0011874			WP_368726643.1																																																																																																																																																								
OG0011875																																																																																																	WP_014699419.1																																																										
OG0011876																																																														WP_434996832.1																																																																																													
OG0011877																																																												WP_039281386.1																																																																																															
OG0011878																																																																																							WP_249686860.1																																																																				
OG0011879																																																										WP_116166343.1																																																																																																	
OG0011880																																																																																						WP_194430038.1																																																																					
OG0011881																										WP_106389040.1																																																																																																																																	
OG0011882																																																																																																																																WP_489290464.1																											
OG0011883																																																																																							WP_005966946.1																																																																				
OG0011884																																																																																			WP_161509616.1																																																																								
OG0011885																																																																																																																																																	WP_205539586.1										
OG0011886																																											WP_050881854.1																																																																																																																
OG0011887																									WP_300997698.1																																																																																																																																		
OG0011888		WP_275071811.1																																																																																																																																																									
OG0011889																																					WP_075277856.1																																																																																																																						
OG0011890																																																										WP_203448574.1																																																																																																	
OG0011891																	WP_106389040.1																																																																																																																																										
OG0011892																																																																																																																																																										WP_005967823.1	
OG0011893																																							WP_125259510.1																																																																																																																				
OG0011894																																																																																																																																										WP_263059369.1																	
OG0011895																																																																															HER17_RS05210																																																																												
OG0011896																																																																																																																																					WP_193407835.1																						
OG0011897																																																																					WP_231051979.1																																																																																						
OG0011898																																																																																																																																																WP_416054456.1											
OG0011899																																																											WP_225582390.1																																																																																																
OG0011900																																																										WP_025920318.1																																																																																																	
OG0011901																																																															WP_203449012.1																																																																																												
OG0011902					WP_261849304.1																																																																																																																																																						
OG0011903																																					WP_010299285.1																																																																																																																						
OG0011904																																																																																																																																												WP_240584830.1															
OG0011905																																													WP_488471363.1																																																																																																														
OG0011906																																																																																																																																																				WP_405081210.1							
OG0011907																																																																																																																						WP_189339469.1																																					
OG0011908																																																																																														WP_280117251.1																																																													
OG0011909																																																																																																				WP_121268629.1																																																							
OG0011910																																																																																																																									WP_095699745.1																																		
OG0011911																																																									WP_289361880.1																																																																																																		
OG0011912																																																																																																																																														WP_107332636.1													
OG0011913																																																																																																																							WP_106389040.1																																				
OG0011914																																																								WP_039500926.1																																																																																																			
OG0011915																																																									WP_289362010.1																																																																																																		
OG0011916																																																																																													WP_483347522.1																																																														
OG0011917																																																																																																																										WP_224073616.1																																	
OG0011918																																																																																													WP_012773413.1																																																														
OG0011919																																																																																																		WP_127087995.1																																																									
OG0011920																																																																																																																																									WP_271875940.1																		
OG0011921																																																										WP_116166358.1																																																																																																	
OG0011922																																																					WP_103157530.1																																																																																																						
OG0011923																																																																																																																																					WP_193407716.1																						
OG0011924																																																																																																										WP_109463550.1																																																	
OG0011925																																																	WP_205592500.1																																																																																																										
OG0011926																																																																																																																																																									WP_226305809.1		
OG0011927																																																																																																					WP_240428363.1																																																						
OG0011928																																																																								WP_264041460.1																																																																																			
OG0011929																																																																																																																																																WP_323661157.1											
OG0011930																																																																								WP_264043853.1																																																																																			
OG0011931											WP_180778090.1																																																																																																																																																
OG0011932																																																																																																																																											WP_106389040.1																
OG0011933																																																																																																																																																		WP_278312323.1									
OG0011934																																													WP_488471856.1																																																																																																														
OG0011935					WP_261847302.1																																																																																																																																																						
OG0011936																																																																																			WP_161509615.1																																																																								
OG0011937																																																																																																																																									WP_007857788.1																		
OG0011938																																																						WP_205546056.1																																																																																																					
OG0011939																																																																																														WP_161529086.1																																																													
OG0011940																																																																																																																																						WP_193397949.1																					
OG0011941																																																																																										WP_225085172.1																																																																	
OG0011942																																																																																																																												WP_323640901.1																															
OG0011943																																																														WP_411561008.1																																																																																													
OG0011944																																																																																												WP_431888525.1																																																															
OG0011945																																																																																																																																						WP_193399113.1																					
OG0011946																																																																												WP_014913795.1																																																																															
OG0011947																																																																																																																				WP_336849411.1																																							
OG0011948																																																																																																																																																									WP_180787395.1		
OG0011949																																																																																																												WP_106389040.1																																															
OG0011950																																																																																																																																															WP_072041017.1												
OG0011951																																																																																																							WP_106389040.1																																																				
OG0011952																																																																																																			WP_121265076.1																																																								
OG0011953																																																			WP_205591160.1																																																																																																								
OG0011954																																																																																																															WP_014700003.1																																												
OG0011955																																																																																														WP_161528042.1																																																													
OG0011956																																																																																																																																										WP_263058092.1																	
OG0011957																																																																																																																														WP_167494533.1																													
OG0011958																																																																																																															WP_014699216.1																																												
OG0011959																																																																																																		WP_127087960.1																																																									
OG0011960																																																																																																																									WP_095699516.1																																		
OG0011961																																																																								WP_205947876.1																																																																																			
OG0011962																																										WP_426596308.1																																																																																																																	
OG0011963																																																												WP_080163283.1																																																																																															
OG0011964																																																																																																															WP_014699332.1																																												
OG0011965																																																																																																																																																										WP_039478030.1	
OG0011966																																																									WP_289362318.1																																																																																																		
OG0011967																																																								WP_039496725.1																																																																																																			
OG0011968																																																																	WP_406641384.1																																																																																										
OG0011969																																																																																											WP_106389040.1																																																																
OG0011970																																																																																																																									WP_192870336.1																																		
OG0011971																																																																					WP_119881917.1																																																																																						
OG0011972																																																																																																																																												WP_240583936.1															
OG0011973																																																										WP_203448572.1																																																																																																	
OG0011974																																																																																						WP_194430758.1																																																																					
OG0011975																																																																																					WP_014915535.1																																																																						
OG0011976	WP_039302497.1																																																																																																																																																										
OG0011977																																																																																																																																						WP_193398386.1																					
OG0011978																																																																																			WP_014699424.1																																																																								
OG0011979																																																																																																																																			WP_489262443.1																								
OG0011980																																			WP_268198134.1																																																																																																																								
OG0011981																																						WP_490307236.1																																																																																																																					
OG0011982																																																																																																																																												WP_240584885.1															
OG0011983		WP_275070988.1																																																																																																																																																									
OG0011984																																																																																		WP_237613280.1																																																																									
OG0011985																																																																																																																																																								WP_225586742.1			
OG0011986						AC4LGN_00715																																																																																																																																																					
OG0011987												WP_349856495.1																																																																																																																																															
OG0011988																														WP_043135157.1																																																																																																																													
OG0011989																																																																																																																			WP_161546625.1																																								
OG0011990																																																									WP_289364543.1																																																																																																		
OG0011991																																																									WP_289362837.1																																																																																																		
OG0011992																																																																																																		WP_127087894.1																																																									
OG0011993																																			WP_268198607.1																																																																																																																								
OG0011994																																																										WP_483280812.1																																																																																																	
OG0011995					WP_261849574.1																																																																																																																																																						
OG0011996																																			WP_432420486.1																																																																																																																								
OG0011997																																									WP_205532163.1																																																																																																																		
OG0011998																																																																																																																																					WP_193401678.1																						
OG0011999																																				WP_051906107.1																																																																																																																							
OG0012000																																																																																														WP_161529099.1																																																													
OG0012001			WP_226888957.1																																																																																																																																																								
OG0012002																																																																																																										WP_121304222.1																																																	
OG0012003																																																									WP_289362006.1																																																																																																		
OG0012004			WP_189338672.1																																																																																																																																																								
OG0012005																																			WP_268198582.1																																																																																																																								
OG0012006																																																																																																	WP_276123778.1																																																										
OG0012007																																																	WP_119888223.1																																																																																																										
OG0012008																																																																																																																																										WP_263057993.1																	
OG0012009																														WP_043135125.1																																																																																																																													
OG0012010																																																												WP_080163285.1																																																																																															
OG0012011																								WP_350315661.1																																																																																																																																			
OG0012012																																																																																																																																																WP_490319343.1											
OG0012013																																																																																	WP_239768568.1																																																																										
OG0012014																																																																																																								WP_121313238.1																																																			
OG0012015																																																																																																																																																					WP_405077848.1						
OG0012016																																																																																																																			WP_161546631.1																																								
OG0012017																																																			WP_338126305.1																																																																																																								
OG0012018												WP_349856237.1																																																																																																																																															
OG0012019																																																																													WP_464626355.1																																																																														
OG0012020																																																																																																																											WP_420916675.1																																
OG0012021																																																								WP_039280041.1																																																																																																			
OG0012022																																																																																																															WP_043898736.1																																												
OG0012023																																																																		WP_106389040.1																																																																																									
OG0012024																																																										WP_025920342.1																																																																																																	
OG0012025																																																																																																																																					WP_193401686.1																						
OG0012026																																																																																																																																																											WP_277985881.1
OG0012027																																					WP_039360473.1																																																																																																																						
OG0012028																																		GT391_RS20860																																																																																																																									
OG0012029																																																										WP_203448582.1																																																																																																	
OG0012030																																																																																																																																WP_249686583.1																											
OG0012031																																																																																WP_234932244.1																																																																											
OG0012032												WP_349856233.1																																																																																																																																															
OG0012033																																																																																																																											WP_277512466.1																																
OG0012034																																																																							WP_323643829.1																																																																																				
OG0012035																																																																																																										WP_121304207.1																																																	
OG0012036																																																																																																																																																										WP_237028215.1	
OG0012037																																																																																																																																									WP_271873533.1																		
OG0012038																																																																																																																																																										WP_005969775.1	
OG0012039																																																																						WP_226509918.1																																																																																					
OG0012040																																																												WP_080163069.1																																																																																															
OG0012041																																																																																																																																						WP_193400915.1																					
OG0012042																																																																																										WP_284144943.1																																																																	
OG0012043																																AC4LGO_14170																																																																																																																											
OG0012044																																																																																																															WP_014701569.1																																												
OG0012045																															ECA_RS23440																																																																																																																												
OG0012046																																					WP_039503422.1																																																																																																																						
OG0012047																																																																																																																						WP_223254573.1																																					
OG0012048																																																					WP_102118369.1																																																																																																						
OG0012049																																																																																WP_203470779.1																																																																											
OG0012050																																																																																																																																WP_433982528.1																											
OG0012051																																																																																														WP_161529089.1																																																													
OG0012052					WP_261848350.1																																																																																																																																																						
OG0012053																																																																																																																																																						AC4LGM_02630					
OG0012054				WP_116165050.1																																																																																																																																																							
OG0012055																																																																																						WP_194431759.1																																																																					
OG0012056																																																																																																															WP_014699268.1																																												
OG0012057																	WP_181829456.1																																																																																																																																										
OG0012058																																								WP_181838212.1																																																																																																																			
OG0012059																																																																																																		WP_127087996.1																																																									
OG0012060																																																																																																																												WP_490307394.1																															
OG0012061																										WP_050880439.1																																																																																																																																	
OG0012062																																																																						WP_226509617.1																																																																																					
OG0012063																																AC4LGO_07660																																																																																																																											
OG0012064																																																																																																																																																										WP_005967179.1	
OG0012065																																																																																																																														WP_137741057.1																													
OG0012066																																										WP_426596080.1																																																																																																																	
OG0012067																																																																																																																		WP_181892626.1																																									
OG0012068																																																																																																																																																											WP_129702723.1
OG0012069																																																																																																																																																WP_211026609.1											
OG0012070																																																																																																				WP_121268614.1																																																							
OG0012071										WP_106389040.1																																																																																																																																																	
OG0012072																																																			WP_014914371.1																																																																																																								
OG0012073																																																																																																																																										WP_263059376.1																	
OG0012074																																													WP_106389040.1																																																																																																														
OG0012075																																																															WP_203449294.1																																																																																												
OG0012076																																																																																																																									WP_095701401.1																																		
OG0012077																																									WP_339097181.1																																																																																																																		
OG0012078																																								WP_320721616.1																																																																																																																			
OG0012079																																																																																																																																				WP_107168499.1																							
OG0012080																																																																																																																								WP_095995256.1																																			
OG0012081					WP_261847181.1																																																																																																																																																						
OG0012082																																									WP_339098789.1																																																																																																																		
OG0012083																																																																																		WP_106389040.1																																																																									
OG0012084																																											WP_100016854.1																																																																																																																
OG0012085																																																																																																																														WP_137739925.1																													
OG0012086																																																																																																		WP_127088024.1																																																									
OG0012087																																																																																																																												WP_490307319.1																															
OG0012088	WP_106389040.1																																																																																																																																																										
OG0012089																																																																																																		WP_232830254.1																																																									
OG0012090																																																											WP_225584567.1																																																																																																
OG0012091																																																																																																																																										WP_263059259.1																	
OG0012092																																																																																														WP_161529087.1																																																													
OG0012093																																																																																																																																																WP_323660056.1											
OG0012094																	WP_181829721.1																																																																																																																																										
OG0012095																	WP_181838179.1																																																																																																																																										
OG0012096																																																																																																																																										WP_263058617.1																	
OG0012097		WP_275071917.1																																																																																																																																																									
OG0012098																																																																																																						WP_240430870.1																																																					
OG0012099																																																																																																																								WP_221885947.1																																			
OG0012100												WP_336710535.1																																																																																																																																															
OG0012101																																AC4LGO_16735																																																																																																																											
OG0012102						AC4LGN_16970																																																																																																																																																					
OG0012103																																																																																														WP_102117847.1																																																													
OG0012104																																																																																																																																			WP_489262581.1																								
OG0012105											WP_225182129.1																																																																																																																																																
OG0012106																																																																																														WP_161528676.1																																																													
OG0012107																																																																																		WP_161502491.1																																																																									
OG0012108																																																																						WP_138255809.1																																																																																					
OG0012109																																																												WP_080163301.1																																																																																															
OG0012110																																																																																																																																													WP_125232322.1														
OG0012111																																																																																																WP_161545791.1																																																											
OG0012112																																			WP_039528006.1																																																																																																																								
OG0012113																																																						WP_205557376.1																																																																																																					
OG0012114												WP_349855579.1																																																																																																																																															
OG0012115																																																																																			WP_202618443.1																																																																								
OG0012116																																																																																																			WP_162940854.1																																																								
OG0012117																																																																																																																																																	WP_105879387.1										
OG0012118																																																																																																																												WP_490307285.1																															
OG0012119																																																																													WP_014699424.1																																																																														
OG0012120																																																																																													WP_483346088.1																																																														
OG0012121																												WP_182260415.1																																																																																																																															
OG0012122																																																																																																																												WP_039288251.1																															
OG0012123																																																																																																																																																										WP_039477253.1	
OG0012124																																																																							WP_106389040.1																																																																																				
OG0012125																																																																																																																										WP_224072528.1																																	
OG0012126																																																																																																																																									WP_271877408.1																		
OG0012127																																																																																																																																												WP_240585009.1															
OG0012128																																																																																																WP_000127615.1																																																											
OG0012129																																																																					WP_231051814.1																																																																																						
OG0012130																																											WP_100017627.1																																																																																																																
OG0012131																																																			WP_109225875.1																																																																																																								
OG0012132																																																																																																																																																									WP_226305974.1		
OG0012133																																																											WP_225584628.1																																																																																																
OG0012134																																							WP_025920467.1																																																																																																																				
OG0012135																																																																																																																																WP_277452054.1																											
OG0012136																																																																																																																																												WP_240584897.1															
OG0012137	WP_445324899.1																																																																																																																																																										
OG0012138					WP_261848035.1																																																																																																																																																						
OG0012139																																																																																							WP_039498870.1																																																																				
OG0012140																																																														WP_434997896.1																																																																																													
OG0012141																																																																																							WP_106389040.1																																																																				
OG0012142																																																																																																															WP_014699303.1																																												
OG0012143																																																																																																																																												WP_240584900.1															
OG0012144																																																																																																																																																									WP_455566724.1		
OG0012145																																										WP_426596252.1																																																																																																																	
OG0012146																																																																																														WP_161528822.1																																																													
OG0012147																																																																																						WP_194430043.1																																																																					
OG0012148																																											WP_157765243.1																																																																																																																
OG0012149																																																																																																																																															WP_130621483.1												
OG0012150																																																																																																																																																										WP_005968525.1	
OG0012151																																																	WP_106389040.1																																																																																																										
OG0012152																																																									WP_289363095.1																																																																																																		
OG0012153																																		GT391_RS02285																																																																																																																									
OG0012154																																																																																																																																								WP_248721037.1																			
OG0012155																																		GT391_RS01905																																																																																																																									
OG0012156																																																																	WP_106389040.1																																																																																										
OG0012157																																																																																																		WP_127088022.1																																																									
OG0012158																																																																																																																																																		WP_188247199.1									
OG0012159																																																																																																																									WP_095700220.1																																		
OG0012160																																																																													WP_131604659.1																																																																														
OG0012161																																																																																																																																																								WP_225586099.1			
OG0012162																																																																																																																	WP_106389040.1																																										
OG0012163				WP_116164380.1																																																																																																																																																							
OG0012164																														WP_106389040.1																																																																																																																													
OG0012165																																																																																																																								WP_095993430.1																																			
OG0012166																																																																																																																																																										WP_039477734.1	
OG0012167																																																																																																																																WP_116156488.1																											
OG0012168																																																																																														WP_161529249.1																																																													
OG0012169																																																																										WP_405083295.1																																																																																	
OG0012170																																																																																																																		WP_230241984.1																																									
OG0012171																																																																																																																								WP_095995189.1																																			
OG0012172																																																																																																																																																WP_490319328.1											
OG0012173																																																																																		WP_161502990.1																																																																									
OG0012174																																																																																																WP_161545425.1																																																											
OG0012175																																																																																																																																													WP_125233027.1														
OG0012176																																							WP_446730496.1																																																																																																																				
OG0012177												WP_349856157.1																																																																																																																																															
OG0012178																																																																																														WP_161529090.1																																																													
OG0012179																																																									WP_434547550.1																																																																																																		
OG0012180																																																																																																																																																				WP_405081994.1							
OG0012181																																			WP_086624905.1																																																																																																																								
OG0012182																																		GT391_RS21660																																																																																																																									
OG0012183																																																														WP_434998505.1																																																																																													
OG0012184																																																																																																																							WP_323636274.1																																				
OG0012185																																																																																																																																																										WP_152413526.1	
OG0012186																																																																																																															WP_014699256.1																																												
OG0012187																																																																																																																																																										WP_005967809.1	
OG0012188																																																																																																																																																			WP_103970658.1								
OG0012189																																													WP_488471787.1																																																																																																														
OG0012190																																																												WP_205939782.1																																																																																															
OG0012191																																																																																																WP_106389040.1																																																											
OG0012192																																																					WP_012822414.1																																																																																																						
OG0012193		WP_039361658.1																																																																																																																																																									
OG0012194				WP_105879246.1																																																																																																																																																							
OG0012195																													WP_251388964.1																																																																																																																														
OG0012196																																																																																					WP_014916506.1																																																																						
OG0012197																																																																																																																		WP_111778446.1																																									
OG0012198																																																																																																																								WP_095994985.1																																			
OG0012199																																																																											WP_405079097.1																																																																																
OG0012200																																																										WP_039355166.1																																																																																																	
OG0012201																																													WP_488472153.1																																																																																																														
OG0012202																																																																																																																																																										WP_005975805.1	
OG0012203																																																																																																																															WP_323666281.1																												
OG0012204																																																																																															WP_490324331.1																																																												
OG0012205																																																																																																																																																								WP_225586232.1			
OG0012206																																																																																																																											WP_277516724.1																																
OG0012207																																																																																																																																												WP_240583910.1															
OG0012208																																																																WP_205594430.1																																																																																											
OG0012209																																								WP_320721614.1																																																																																																																			
OG0012210																																AC4LGO_07730																																																																																																																											
OG0012211																																																																																																																																						WP_226374086.1																					
OG0012212																							WP_106389040.1																																																																																																																																				
OG0012213																																																																																														WP_161529100.1																																																													
OG0012214																																																																																																																																																									WP_181000719.1		
OG0012215																																																																																																																																																										WP_005968077.1	
OG0012216																																																																																																																															WP_323666614.1																												
OG0012217																																																																																																																																																									WP_102117930.1		
OG0012218																																																																																																																																																		WP_242934970.1									
OG0012219																																																									WP_289361867.1																																																																																																		
OG0012220																																																																																																																WP_198481665.1																																											
OG0012221																																																																																																																							WP_039305164.1																																				
OG0012222																																																																																																																							WP_323636610.1																																				
OG0012223																																																	WP_012822379.1																																																																																																										
OG0012224																																																									WP_289362177.1																																																																																																		
OG0012225																																																																																																																																																										WP_005975759.1	
OG0012226																																																																																																																																																		WP_341462200.1									
OG0012227																																																																																																																																												WP_240585402.1															
OG0012228																																												WP_411559733.1																																																																																																															
OG0012229																																										WP_040033753.1																																																																																																																	
OG0012230																																		GT391_RS15130																																																																																																																									
OG0012231																																																																																																																																WP_489290307.1																											
OG0012232									WP_350326500.1																																																																																																																																																		
OG0012233																																																																																																																																												WP_240583914.1															
OG0012234																																																																																																																																																				WP_050150432.1							
OG0012235																																												WP_411559179.1																																																																																																															
OG0012236																																																																																																																						WP_113625723.1																																					
OG0012237																																																						WP_205546624.1																																																																																																					
OG0012238																																																																																																	WP_420875070.1																																																										
OG0012239																																																																														WP_052510450.1																																																																													
OG0012240																																																					WP_012822449.1																																																																																																						
OG0012241																																																																																																																																				WP_050110122.1																							
OG0012242									WP_350326552.1																																																																																																																																																		
OG0012243																																																																																																																																									WP_271876139.1																		
OG0012244																	WP_181838182.1																																																																																																																																										
OG0012245																																																																																																																				WP_039512958.1																																							
OG0012246																																																									WP_014913673.1																																																																																																		
OG0012247																																																											WP_225582430.1																																																																																																
OG0012248																														WP_043135127.1																																																																																																																													
OG0012249																																																																																					WP_148276408.1																																																																						
OG0012250																																																																																																																	WP_015730063.1																																										
OG0012251																																																																																																													WP_106389040.1																																														
OG0012252																																																														WP_434997911.1																																																																																													
OG0012253																																																																					WP_039516893.1																																																																																						
OG0012254																																																																																																																																																WP_323660499.1											
OG0012255																																																			WP_205591339.1																																																																																																								
OG0012256																																																																																																																											WP_277515780.1																																
OG0012257				WP_116163004.1																																																																																																																																																							
OG0012258																																																																																	WP_239767126.1																																																																										
OG0012259																																																																					WP_106389040.1																																																																																						
OG0012260																																																																																																																																																					WP_005973612.1						
OG0012261																																																																																																																							WP_323636933.1																																				
OG0012262																																																																																																																																																		WP_242934867.1									
OG0012263																																																																																																																								WP_227003568.1																																			
OG0012264																																																																																														WP_161529250.1																																																													
OG0012265																																																										WP_483280050.1																																																																																																	
OG0012266					WP_261847216.1																																																																																																																																																						
OG0012267				WP_116165062.1																																																																																																																																																							
OG0012268																													WP_251388857.1																																																																																																																														
OG0012269														WP_106389040.1																																																																																																																																													
OG0012270			WP_189338646.1																																																																																																																																																								
OG0012271																																																																																																																																															WP_119158313.1												
OG0012272																																																																																																																						WP_113632186.1																																					
OG0012273				WP_116164936.1																																																																																																																																																							
OG0012274																															ECA_RS23900																																																																																																																												
OG0012275																									WP_300997680.1																																																																																																																																		
OG0012276																																																				WP_240346104.1																																																																																																							
OG0012277																																													WP_320722047.1																																																																																																														
OG0012278																																																																																																WP_000566755.1																																																											
OG0012279																																																																																																																																							WP_437213967.1																				
OG0012280																																																													WP_227527571.1																																																																																														
OG0012281																																																																						WP_226509596.1																																																																																					
OG0012282																																																																																																									WP_121247360.1																																																		
OG0012283																																			WP_268197859.1																																																																																																																								
OG0012284																																				WP_224654040.1																																																																																																																							
OG0012285																																																																													WP_464626976.1																																																																														
OG0012286																																																																																																																																									WP_271878455.1																		
OG0012287																																																																																									WP_420065347.1																																																																		
OG0012288																																																																																																																																									WP_271877902.1																		
OG0012289																																																																																																																																																					WP_052038078.1						
OG0012290					WP_425606651.1																																																																																																																																																						
OG0012291																																																																																																															WP_014701864.1																																												
OG0012292						AC4LGN_13850																																																																																																																																																					
OG0012293																																																																																													WP_271875639.1																																																														
OG0012294																																																																																																																	WP_015731042.1																																										
OG0012295																																					WP_075278045.1																																																																																																																						
OG0012296																																																										WP_203448592.1																																																																																																	
OG0012297																																																																																																																																WP_249686577.1																											
OG0012298																																																																																																																																							WP_437216677.1																				
OG0012299																																																																																WP_203470143.1																																																																											
OG0012300																																																																																																																										WP_224072607.1																																	
OG0012301																																																																																																																																									WP_271875978.1																		
OG0012302																																																																																																																											WP_277516621.1																																
OG0012303													WP_106389040.1																																																																																																																																														
OG0012304																																																																																																WP_161545429.1																																																											
OG0012305																																																									WP_353195035.1																																																																																																		
OG0012306																																							WP_446729166.1																																																																																																																				
OG0012307					WP_261847935.1																																																																																																																																																						
OG0012308																																																																																																																																																				WP_182240349.1							
OG0012309																																												WP_131604486.1																																																																																																															
OG0012310																																																																																																				WP_420892446.1																																																							
OG0012311																																																																									WP_263363220.1																																																																																		
OG0012312																																																																																																																																										WP_263057517.1																	
OG0012313																																																																																																															WP_014699311.1																																												
OG0012314																																																																																																																																			WP_489262007.1																								
OG0012315																																																																																														WP_106389040.1																																																													
OG0012316																																																																																																		WP_127088020.1																																																									
OG0012317																																																																																																																																				WP_107169399.1																							
OG0012318																																																																																																																	WP_012822409.1																																										
OG0012319																																																																																																																																																				WP_023195846.1							
OG0012320																																																										WP_203448566.1																																																																																																	
OG0012321																																																																																WP_203470867.1																																																																											
OG0012322																														WP_244167468.1																																																																																																																													
OG0012323																																																																																																																							WP_103184891.1																																				
OG0012324																																																																																														WP_161530493.1																																																													
OG0012325																																																																																																																																																									WP_226306355.1		
OG0012326																																																																																																																																																								WP_225586097.1			
OG0012327																																													WP_488472154.1																																																																																																														
OG0012328																																			WP_106389040.1																																																																																																																								
OG0012329																																							WP_446730103.1																																																																																																																				
OG0012330																																																																																																																																																										WP_235778063.1	
OG0012331																																																																																																																																							WP_437216650.1																				
OG0012332																																																																																			WP_161509464.1																																																																								
OG0012333																																																																																																WP_011788459.1																																																											
OG0012334																																																									WP_289361713.1																																																																																																		
OG0012335																																																																	WP_406643299.1																																																																																										
OG0012336																																																																																																																																																		WP_242934893.1									
OG0012337																																																									WP_353195015.1																																																																																																		
OG0012338																																																																																																																														WP_273855001.1																													
OG0012339																																																															WP_010283045.1																																																																																												
OG0012340																																																	WP_205592499.1																																																																																																										
OG0012341																																																																																																																																						WP_106389040.1																					
OG0012342																																																																																																																																																WP_323658549.1											
OG0012343																																																													WP_227528114.1																																																																																														
OG0012344																																																																																																																																																WP_323660481.1											
OG0012345																																																								WP_106389040.1																																																																																																			
OG0012346																																																																																			WP_237613148.1																																																																								
OG0012347																																																														WP_434998234.1																																																																																													
OG0012348																																																																																															WP_198337426.1																																																												
OG0012349																																																																																						WP_228483965.1																																																																					
OG0012350																																																											WP_201878769.1																																																																																																
OG0012351																																																																																																WP_161545771.1																																																											
OG0012352																																																																																																																																																										WP_039478164.1	
OG0012353																																																																																																																		WP_039488083.1																																									
OG0012354																																																																																																															WP_014698611.1																																												
OG0012355																																																																																																																																WP_249686582.1																											
OG0012356							WP_256556228.1																																																																																																																																																				
OG0012357																																																																																																																																				WP_240618652.1																							
OG0012358																																																																																																																					WP_159105490.1																																						
OG0012359																																																																																										WP_225087014.1																																																																	
OG0012360																																																										WP_483279920.1																																																																																																	
OG0012361		WP_420875586.1																																																																																																																																																									
OG0012362																																																																																																																																																						AC4LGM_19715					
OG0012363																																																																																																		WP_127088026.1																																																									
OG0012364																																																																								WP_129703742.1																																																																																			
OG0012365																																																																																																																													WP_258884812.1																														
OG0012366																																																																	WP_406640539.1																																																																																										
OG0012367																																			WP_268198509.1																																																																																																																								
OG0012368																																																															WP_203449087.1																																																																																												
OG0012369																															ECA_RS14310																																																																																																																												
OG0012370																																																																																WP_203470845.1																																																																											
OG0012371																																																																																																																												WP_490307330.1																															
OG0012372																																																																																																WP_337248102.1																																																											
OG0012373																																																																															HER17_RS05135																																																																												
OG0012374																																																																																																																																																								WP_225586341.1			
OG0012375																																																																																																WP_161545394.1																																																											
OG0012376																																																																																																																																				WP_107169383.1																							
OG0012377																																																																																																WP_161545934.1																																																											
OG0012378											WP_263639623.1																																																																																																																																																
OG0012379																																																																																																																																				WP_107169400.1																							
OG0012380																																																																																																															WP_014699302.1																																												
OG0012381																																																			WP_205591780.1																																																																																																								
OG0012382																																																											WP_225582401.1																																																																																																
OG0012383																																													WP_180773934.1																																																																																																														
OG0012384																																																																WP_406639041.1																																																																																											
OG0012385																																																																																																																																																		WP_109225883.1									
OG0012386																																																														WP_039467702.1																																																																																													
OG0012387																																																																																																																																																										WP_237028201.1	
OG0012388																																				WP_463256597.1																																																																																																																							
OG0012389																																																																																																																		WP_103184882.1																																									
OG0012390																																																																																																																																											WP_432652371.1																
OG0012391																																																																																																										WP_015696783.1																																																	
OG0012392																																																																																																																																																	WP_064799847.1										
OG0012393																																		GT391_RS02010																																																																																																																									
OG0012394																																																					WP_012822437.1																																																																																																						
OG0012395																																										WP_426596340.1																																																																																																																	
OG0012396																																																WP_106389040.1																																																																																																											
OG0012397																																																																																																																												WP_137741126.1																															
OG0012398																																																										WP_106389040.1																																																																																																	
OG0012399																																																																					WP_119881012.1																																																																																						
OG0012400																																																																																																																																																									WP_226306252.1		
OG0012401																																																					WP_109491853.1																																																																																																						
OG0012402																																																																																																																																																										WP_005973921.1	
OG0012403																																																																																																																																																											WP_165325028.1
OG0012404																																																																																												WP_431890824.1																																																															
OG0012405																																						WP_338327537.1																																																																																																																					
OG0012406																																																																																																			WP_121265830.1																																																								
OG0012407																																																						WP_205557330.1																																																																																																					
OG0012408																																																																																				WP_155116480.1																																																																							
OG0012409																	WP_258876612.1																																																																																																																																										
OG0012410																																																																																																																																																			WP_103972096.1								
OG0012411																																																										WP_483280843.1																																																																																																	
OG0012412																																																																																																																											WP_277513215.1																																
OG0012413																																																																																																																														WP_137741058.1																													
OG0012414																																																																																																																																			WP_489261809.1																								
OG0012415																																																																														WP_039508212.1																																																																													
OG0012416																																																																																													WP_012772867.1																																																														
OG0012417																																				WP_463256117.1																																																																																																																							
OG0012418																																																																																																																																																										WP_237028188.1	
OG0012419																																																																																												WP_161494299.1																																																															
OG0012420																																											WP_039558371.1																																																																																																																
OG0012421																																																												WP_080163290.1																																																																																															
OG0012422																																																																																																																																																										WP_156107313.1	
OG0012423																																																									WP_289364032.1																																																																																																		
OG0012424																																																																									WP_106389040.1																																																																																		
OG0012425																																																														WP_400275496.1																																																																																													
OG0012426																																																														WP_039465913.1																																																																																													
OG0012427																																																																						WP_138254871.1																																																																																					
OG0012428																																																																																																																																							WP_437215037.1																				
OG0012429																																																									WP_233979599.1																																																																																																		
OG0012430																																																																																																			WP_162940857.1																																																								
OG0012431																									WP_300993076.1																																																																																																																																		
OG0012432																																																																																																																					WP_106389040.1																																						
OG0012433																																																																																																																												WP_323638625.1																															
OG0012434																																																																																																																																							WP_437216684.1																				
OG0012435																																																									WP_289363089.1																																																																																																		
OG0012436																																																																																				WP_012773664.1																																																																							
OG0012437						AC4LGN_03785																																																																																																																																																					
OG0012438																																																																																																WP_000210563.1																																																											
OG0012439																																																																																																																																																											WP_395302997.1
OG0012440																																																																																																																																							WP_437216733.1																				
OG0012441																																																																																																																																																											WP_242506195.1
OG0012442																															ECA_RS16810																																																																																																																												
OG0012443																																																																																																																																WP_249686579.1																											
OG0012444																	WP_181828836.1																																																																																																																																										
OG0012445																																																																																																WP_161545931.1																																																											
OG0012446																																																																																																																																																	WP_256736921.1										
OG0012447																																																																															HER17_RS06335																																																																												
OG0012448												WP_349855387.1																																																																																																																																															
OG0012449																																																																								WP_264041560.1																																																																																			
OG0012450																																																																																																																																																				WP_405081214.1							
OG0012451																																											WP_100017465.1																																																																																																																
OG0012452																																																																																																														WP_033071219.1																																													
OG0012453																																																				WP_420907777.1																																																																																																							
OG0012454																																																																																							WP_039498906.1																																																																				
OG0012455																																																																																																																																																											WP_129702641.1
OG0012456																																																																																																																																																										WP_152413517.1	
OG0012457																																																																																																																																				WP_107168052.1																							
OG0012458																																							WP_400431554.1																																																																																																																				
OG0012459																																																																																																																							WP_323636230.1																																				
OG0012460																																																																																																																			WP_106389040.1																																								
OG0012461																																																									WP_289364137.1																																																																																																		
OG0012462					WP_261848075.1																																																																																																																																																						
OG0012463				WP_102117681.1																																																																																																																																																							
OG0012464																																																																																																																																									WP_271875138.1																		
OG0012465																																																			WP_039287760.1																																																																																																								
OG0012466																																																												WP_039510458.1																																																																																															
OG0012467						AC4LGN_11245																																																																																																																																																					
OG0012468																																																																																																																																																				WP_205558079.1							
OG0012469																																																																																																																													WP_106389040.1																														
OG0012470				WP_116164555.1																																																																																																																																																							
OG0012471																																																																																																																																																	WP_040031114.1										
OG0012472																																																										WP_483280874.1																																																																																																	
OG0012473																																																																																																																																																		WP_242934822.1									
OG0012474																																																																																																																																						WP_193401060.1																					
OG0012475					WP_338659243.1																																																																																																																																																						
OG0012476																													WP_251388959.1																																																																																																																														
OG0012477																																																																																																																																					WP_226373286.1																						
OG0012478																																											WP_100017257.1																																																																																																																
OG0012479																																																			WP_205591075.1																																																																																																								
OG0012480																																																																																																		WP_106389040.1																																																									
OG0012481																																																																																																																																								WP_248721635.1																			
OG0012482											WP_225182340.1																																																																																																																																																
OG0012483																																																																																																		WP_127088011.1																																																									
OG0012484																																		GT391_RS15145																																																																																																																									
OG0012485																																																																																																																				WP_336849334.1																																							
OG0012486																																																																																																																																																						AC4LGM_22540					
OG0012487																																																																																																																																																										WP_005971804.1	
OG0012488																																																				WP_205590914.1																																																																																																							
OG0012489																																																																																																																																																		WP_242934900.1									
OG0012490																																		GT391_RS21720																																																																																																																									
OG0012491																																																																																																																			WP_245394213.1																																								
OG0012492																																																																																																																												WP_039508733.1																															
OG0012493																																																																																																WP_161545761.1																																																											
OG0012494																																																																								WP_264044249.1																																																																																			
OG0012495																																																																																																																																																						AC4LGM_23090					
OG0012496																																																																																																																																				WP_107171083.1																							
OG0012497																																																																																																																																																											WP_242506223.1
OG0012498																																																																																																																																										WP_263057631.1																	
OG0012499																																																																																																WP_161545407.1																																																											
OG0012500																																																											WP_225584237.1																																																																																																
OG0012501																																		GT391_RS21915																																																																																																																									
OG0012502																																																																																										WP_225085918.1																																																																	
OG0012503																																																																																																																																											WP_161494299.1																
OG0012504																																																																																																																																												WP_240585361.1															
OG0012505																																																																																																		WP_127088017.1																																																									
OG0012506																																																																																																			WP_162940860.1																																																								
OG0012507																																																																																																																																												WP_240583426.1															
OG0012508																																																																																																																		WP_103199493.1																																									
OG0012509																																																																																																		WP_127087931.1																																																									
OG0012510																																																																																																																															WP_323666605.1																												
OG0012511																																																																																																																	WP_015730074.1																																										
OG0012512																																																																																																																WP_198481697.1																																											
OG0012513																																																																																													WP_483346781.1																																																														
OG0012514																																																																																WP_234932228.1																																																																											
OG0012515																																																																																																																							WP_323637172.1																																				
OG0012516																																																																																																																																																				WP_405081613.1							
OG0012517																																																																																																																																																		WP_242934955.1									
OG0012518																																													WP_488471373.1																																																																																																														
OG0012519																																																																																																																																																					WP_127031387.1						
OG0012520																																																																																																																								WP_227003553.1																																			
OG0012521																																									WP_205532159.1																																																																																																																		
OG0012522																																																																																																																																														WP_130623304.1													
OG0012523																																																																																																																			WP_039503391.1																																								
OG0012524																																										WP_131604832.1																																																																																																																	
OG0012525																								WP_106389040.1																																																																																																																																			
OG0012526																																																																																																																																																				WP_405081212.1							
OG0012527																																																								WP_052325949.1																																																																																																			
OG0012528																																																																																																																																																										WP_005971467.1	
OG0012529																																																																																																																																												WP_240585616.1															
OG0012530																																																																																		WP_062792285.1																																																																									
OG0012531																																																																					WP_231051666.1																																																																																						
OG0012532																																																																WP_106389040.1																																																																																											
OG0012533																																																																																																																																																	WP_212768717.1										
OG0012534																																																																WP_338327696.1																																																																																											
OG0012535																																			WP_268198578.1																																																																																																																								
OG0012536																																																																																																										WP_121304242.1																																																	
OG0012537																																																																																																																												WP_490307272.1																															
OG0012538				WP_116165054.1																																																																																																																																																							
OG0012539																																																																																																				WP_240431502.1																																																							
OG0012540																																																																																														WP_161528821.1																																																													
OG0012541																																																																																																WP_007105459.1																																																											
OG0012542																																																																																																																																												WP_240584909.1															
OG0012543																																																																	WP_406642421.1																																																																																										
OG0012544																																																																																																																														WP_103161198.1																													
OG0012545																																																													WP_227527766.1																																																																																														
OG0012546																																																										WP_483279890.1																																																																																																	
OG0012547																																																																																																																																																										WP_106389040.1	
OG0012548																																																																																													WP_483347161.1																																																														
OG0012549																									WP_300997783.1																																																																																																																																		
OG0012550																																																																																																																			WP_161546598.1																																								
OG0012551																																																																																																			WP_162940861.1																																																								
OG0012552																																					WP_258069286.1																																																																																																																						
OG0012553																																																										WP_203448590.1																																																																																																	
OG0012554																																																																																																																						WP_189339512.1																																					
OG0012555																																																																																							WP_072013033.1																																																																				
OG0012556																																											WP_100016857.1																																																																																																																
OG0012557	WP_490322795.1																																																																																																																																																										
OG0012558																																																																																																																																WP_489290487.1																											
OG0012559																																																	WP_205592498.1																																																																																																										
OG0012560																																			WP_268198280.1																																																																																																																								
OG0012561																																																																																																																			WP_161547024.1																																								
OG0012562																																																																																																																																							WP_437215628.1																				
OG0012563																																																																																																																															WP_277452555.1																												
OG0012564																																																																																																																														WP_137742572.1																													
OG0012565																																												WP_342413722.1																																																																																																															
OG0012566																																																																																																																																																	WP_212768639.1										
OG0012567																																																																																																WP_202620840.1																																																											
OG0012568																																																																																																																																																WP_323661061.1											
OG0012569																																																																																																																																															WP_130621431.1												
OG0012570																																																																																																																															WP_106389040.1																												
OG0012571																																									WP_339098836.1																																																																																																																		
OG0012572	WP_151241940.1																																																																																																																																																										
OG0012573																																																																																																																WP_198482233.1																																											
OG0012574																	WP_181830450.1																																																																																																																																										
OG0012575	WP_490323210.1																																																																																																																																																										
OG0012576			WP_189338651.1																																																																																																																																																								
OG0012577																																																																																															WP_198338011.1																																																												
OG0012578																																																																																																																						WP_189339492.1																																					
OG0012579																																																																																																											AC4LGQ_11125																																																
OG0012580																																																																																																																																									WP_000455501.1																		
OG0012581																																													WP_180774261.1																																																																																																														
OG0012582																																																																													WP_464625641.1																																																																														
OG0012583																																																																																																																																																							WP_119159128.1				
OG0012584																																																																																																WP_202620850.1																																																											
OG0012585																								WP_350316296.1																																																																																																																																			
OG0012586																																																																																																																																								WP_248720997.1																			
OG0012587																																																																																																		WP_111778948.1																																																									
OG0012588																												WP_490326032.1																																																																																																																															
OG0012589																																																																																																																			WP_342591105.1																																								
OG0012590																																																																																																																																												WP_240584177.1															
OG0012591																																																																																																																													WP_258884608.1																														
OG0012592																																																											WP_106389040.1																																																																																																
OG0012593																																							WP_446730108.1																																																																																																																				
OG0012594																																																									WP_289362003.1																																																																																																		
OG0012595																																																																			WP_264498138.1																																																																																								
OG0012596																																																									WP_289363321.1																																																																																																		
OG0012597				WP_167469175.1																																																																																																																																																							
OG0012598																																																																																							WP_274214900.1																																																																				
OG0012599																																																																																																																																																									WP_226306356.1		
OG0012600																								WP_350315686.1																																																																																																																																			
OG0012601																																																			WP_205591360.1																																																																																																								
OG0012602																																																												WP_039510459.1																																																																																															
OG0012603																																																																																																		WP_127087998.1																																																									
OG0012604																																																																																																																																						WP_193401077.1																					
OG0012605																																																					WP_107168144.1																																																																																																						
OG0012606																																																																																														WP_244321981.1																																																													
OG0012607																																																																																																																																																										WP_005968529.1	
OG0012608																																																																																																WP_039552385.1																																																											
OG0012609																																																																								WP_264041467.1																																																																																			
OG0012610																																																																																														WP_161530482.1																																																													
OG0012611																																																																																																																			WP_161546886.1																																								
OG0012612																																																																																																																																								WP_248721669.1																			
OG0012613																																																																																																																																														WP_107332639.1													
OG0012614					WP_338659511.1																																																																																																																																																						
OG0012615																																																																																																																																									WP_271874471.1																		
OG0012616																																																																																																																											WP_277514973.1																																
OG0012617																																																																	WP_406643576.1																																																																																										
OG0012618																																																									WP_289362225.1																																																																																																		
OG0012619																																									WP_339098630.1																																																																																																																		
OG0012620																																																									WP_289361878.1																																																																																																		
OG0012621																																																																								WP_264041858.1																																																																																			
OG0012622																																																																																																																															WP_323665785.1																												
OG0012623																																																																																																WP_000058216.1																																																											
OG0012624																																										WP_039532421.1																																																																																																																	
OG0012625																																									WP_339096409.1																																																																																																																		
OG0012626																																																																																																																															WP_277451374.1																												
OG0012627																																																								WP_226306425.1																																																																																																			
OG0012628																																																																	WP_406642779.1																																																																																										
OG0012629																																																																																																																							WP_323636970.1																																				
OG0012630																																																																																																																																																									WP_130639111.1		
OG0012631																																								WP_379058969.1																																																																																																																			
OG0012632																																																																					WP_119874749.1																																																																																						
OG0012633																																																																																																																						WP_189339476.1																																					
OG0012634																																																																																																																												WP_323639994.1																															
OG0012635																																																																																																														WP_033071225.1																																													
OG0012636																																																																																																			WP_232427890.1																																																								
OG0012637																																																																																																																									WP_125460678.1																																		
OG0012638																																																																																																																																																									WP_211046524.1		
OG0012639																																																																																															WP_490324304.1																																																												
OG0012640																																																																																																																																																				WP_405081588.1							
OG0012641	WP_490323225.1																																																																																																																																																										
OG0012642																																																					WP_012822413.1																																																																																																						
OG0012643																																																																														WP_336847233.1																																																																													
OG0012644																																							WP_320698811.1																																																																																																																				
OG0012645																																																																																																																																									WP_271877784.1																		
OG0012646																																											WP_100018471.1																																																																																																																
OG0012647																																																																																							WP_479687488.1																																																																				
OG0012648																																																																																																																						WP_113632231.1																																					
OG0012649																																																																																																																																																WP_490319376.1											
OG0012650																																																																																							WP_039498933.1																																																																				
OG0012651																																																																																					WP_014914756.1																																																																						
OG0012652																																																																																							WP_249686850.1																																																																				
OG0012653																																																																													WP_464625300.1																																																																														
OG0012654																																																																																																																							WP_039482167.1																																				
OG0012655																																																																																																																																																			WP_230857584.1								
OG0012656																																																																																																																																																WP_323660472.1											
OG0012657				WP_116164733.1																																																																																																																																																							
OG0012658																																				WP_463255923.1																																																																																																																							
OG0012659																																																																																																																						WP_113627384.1																																					
OG0012660																															ECA_RS08085																																																																																																																												
OG0012661					WP_261849573.1																																																																																																																																																						
OG0012662																																																												WP_080163406.1																																																																																															
OG0012663																																							WP_125259512.1																																																																																																																				
OG0012664																																																																																		WP_062792262.1																																																																									
OG0012665																																																								WP_488450312.1																																																																																																			
OG0012666																																																																																																																												WP_323640095.1																															
OG0012667																																																																																																																			WP_161547187.1																																								
OG0012668																																																																																																																																																WP_323658537.1											
OG0012669	WP_490323936.1																																																																																																																																																										
OG0012670																																																																																																																									WP_095699784.1																																		
OG0012671																																																																						WP_226509901.1																																																																																					
OG0012672																																																																																																			WP_121265844.1																																																								
OG0012673																	WP_181829550.1																																																																																																																																										
OG0012674																																																																																																																			WP_242934566.1																																								
OG0012675																																																																																																															WP_014699568.1																																												
OG0012676																																																																																																																		WP_147306335.1																																									
OG0012677																																																																																							WP_039498950.1																																																																				
OG0012678																																																																																																																										WP_224072527.1																																	
OG0012679																											WP_064360485.1																																																																																																																																
OG0012680																																																																																																																													WP_258882569.1																														
OG0012681																																																																																																																		WP_103199495.1																																									
OG0012682																																																																	WP_406642438.1																																																																																										
OG0012683				WP_116164362.1																																																																																																																																																							
OG0012684			WP_116186885.1																																																																																																																																																								
OG0012685																																																																																																				WP_015730185.1																																																							
OG0012686																	WP_181830454.1																																																																																																																																										
OG0012687																																																																																																																							WP_323636932.1																																				
OG0012688																																																																																							WP_249686814.1																																																																				
OG0012689																																																																																																																						WP_113631712.1																																					
OG0012690																																						WP_240354795.1																																																																																																																					
OG0012691				WP_116165060.1																																																																																																																																																							
OG0012692																																																																																																																																																			WP_196387988.1								
OG0012693																																																																																																								WP_106389040.1																																																			
OG0012694																																																																																																																					WP_258210318.1																																						
OG0012695																																																																								WP_264041495.1																																																																																			
OG0012696																																																																																																																																								WP_248721643.1																			
OG0012697																																																																																																																							WP_323635610.1																																				
OG0012698																																																																																															WP_232486732.1																																																												
OG0012699																																																																																																											AC4LGQ_03035																																																
OG0012700																																																																																																			WP_232487475.1																																																								
OG0012701																																																									WP_039325644.1																																																																																																		
OG0012702																																																																																																																										WP_224073724.1																																	
OG0012703																																																																WP_406639501.1																																																																																											
OG0012704																																																																																													WP_483346383.1																																																														
OG0012705																																																																																																																																										WP_411561415.1																	
OG0012706																																																																																																															WP_014700999.1																																												
OG0012707																																																																																																																																				WP_240618646.1																							
OG0012708																														WP_043135132.1																																																																																																																													
OG0012709																																											WP_100016882.1																																																																																																																
OG0012710																																													WP_488471430.1																																																																																																														
OG0012711					WP_338659337.1																																																																																																																																																						
OG0012712																																																																																																WP_161545803.1																																																											
OG0012713																																																																																																				WP_121268820.1																																																							
OG0012714																																																			WP_205591607.1																																																																																																								
OG0012715																																																																									WP_072041017.1																																																																																		
OG0012716																																																																																																			WP_121266060.1																																																								
OG0012717																																																																																																																		WP_103199488.1																																									
OG0012718																																																									WP_039509977.1																																																																																																		
